name,bus0,bus1,type,x,r,g,b,s_nom,s_nom_mod,s_nom_extendable,s_nom_min,s_nom_max,s_nom_set,s_max_pu,capital_cost,overnight_cost,discount_rate,fom_cost,active,build_year,lifetime,length,carrier,terrain_factor,num_parallel,v_ang_min,v_ang_max,sub_network,x_pu,r_pu,g_pu,b_pu,x_pu_eff,r_pu_eff,s_nom_opt
BIPTC1_400kV_DCtoBangladesh Border1_400kV_DC_Line1,BIPTC1_400kV_DC,BangladeshBorder1_400kV_DC,,3.768373,0.804807,0.0,0.000325465,1385.641,0.0,False,0.0,inf,,1.0,0.0,,,0.0,True,0,inf,27.35,,1.0,1.0,-inf,inf,,0.0,0.0,0.0,0.0,0.0,0.0,0.0
BIPTC1_400kV_DCtoBangladesh Border1_400kV_DC_Line2,BIPTC1_400kV_DC,BangladeshBorder1_400kV_DC,,3.768373,0.804807,0.0,0.000325465,1385.641,0.0,False,0.0,inf,,1.0,0.0,,,0.0,True,0,inf,27.35,,1.0,1.0,-inf,inf,,0.0,0.0,0.0,0.0,0.0,0.0,0.0
Aminbazar_400kVtoMeghnaghat_400kV_Line1,Aminbazar_400kV,Meghnaghat_400kV,,6.367625,1.39403,0.0,0.0013805,1987.009,0.0,False,0.0,inf,,1.0,0.0,,,0.0,True,0,inf,55.0,,1.0,1.0,-inf,inf,,0.0,0.0,0.0,0.0,0.0,0.0,0.0
Aminbazar_400kVtoMeghnaghat_400kV_Line2,Aminbazar_400kV,Meghnaghat_400kV,,6.367625,1.39403,0.0,0.0013805,1987.009,0.0,False,0.0,inf,,1.0,0.0,,,0.0,True,0,inf,55.0,,1.0,1.0,-inf,inf,,0.0,0.0,0.0,0.0,0.0,0.0,0.0
CumillaNorth_400kVtoBangladesh Border_400kV_Line1,CumillaNorth_400kV,Bangladesh Border_400kV,,3.857932,0.823934,0.0,0.0003332,1385.641,0.0,False,0.0,inf,,1.0,0.0,,,0.0,True,0,inf,28.0,,1.0,1.0,-inf,inf,,0.0,0.0,0.0,0.0,0.0,0.0,0.0
CumillaNorth_400kVtoBangladesh Border_400kV_Line2,CumillaNorth_400kV,Bangladesh Border_400kV,,3.857932,0.823934,0.0,0.0003332,1385.641,0.0,False,0.0,inf,,1.0,0.0,,,0.0,True,0,inf,28.0,,1.0,1.0,-inf,inf,,0.0,0.0,0.0,0.0,0.0,0.0,0.0
Bibiyana_400kVtoKaliakoir_400kV_Line1,Bibiyana_400kV,Kaliakoir_400kV,,23.354269,4.987741,0.0,0.00201705,1385.641,0.0,False,0.0,inf,,1.0,0.0,,,0.0,True,0,inf,169.5,,1.0,1.0,-inf,inf,,0.0,0.0,0.0,0.0,0.0,0.0,0.0
Bibiyana_400kVtoKaliakoir_400kV_Line2,Bibiyana_400kV,Kaliakoir_400kV,,23.354269,4.987741,0.0,0.00201705,1385.641,0.0,False,0.0,inf,,1.0,0.0,,,0.0,True,0,inf,169.5,,1.0,1.0,-inf,inf,,0.0,0.0,0.0,0.0,0.0,0.0,0.0
AshuganjNorth_400kVtoBhulta_400kV_Line1,AshuganjNorth_400kV,Bhulta_400kV,,9.507048,2.030408,0.0,0.0008211,1385.641,0.0,False,0.0,inf,,1.0,0.0,,,0.0,True,0,inf,69.0,,1.0,1.0,-inf,inf,,0.0,0.0,0.0,0.0,0.0,0.0,0.0
AshuganjNorth_400kVtoBhulta_400kV_Line2,AshuganjNorth_400kV,Bhulta_400kV,,9.507048,2.030408,0.0,0.0008211,1385.641,0.0,False,0.0,inf,,1.0,0.0,,,0.0,True,0,inf,69.0,,1.0,1.0,-inf,inf,,0.0,0.0,0.0,0.0,0.0,0.0,0.0
Payra_400kVtoGopalganjNorth_400kV_Line1,Payra_400kV,GopalganjNorth_400kV,,17.705645,2.406328,0.0,0.00444856,2771.281,0.0,False,0.0,inf,,1.0,0.0,,,0.0,True,0,inf,163.55,,1.0,1.0,-inf,inf,,0.0,0.0,0.0,0.0,0.0,0.0,0.0
Payra_400kVtoGopalganjNorth_400kV_Line2,Payra_400kV,GopalganjNorth_400kV,,17.705645,2.406328,0.0,0.00444856,2771.281,0.0,False,0.0,inf,,1.0,0.0,,,0.0,True,0,inf,163.55,,1.0,1.0,-inf,inf,,0.0,0.0,0.0,0.0,0.0,0.0,0.0
BSRM_230kVtoMirsarai_230kV_Line1,BSRM_230kV,Mirsarai_230kV,,2.273424,0.485532,0.0,0.00019635,796.743,0.0,False,0.0,inf,,1.0,0.0,,,0.0,True,0,inf,16.5,,1.0,1.0,-inf,inf,,0.0,0.0,0.0,0.0,0.0,0.0,0.0
BSRM_230kVtoMirsarai_230kV_Line2,BSRM_230kV,Mirsarai_230kV,,2.273424,0.485532,0.0,0.00019635,796.743,0.0,False,0.0,inf,,1.0,0.0,,,0.0,True,0,inf,16.5,,1.0,1.0,-inf,inf,,0.0,0.0,0.0,0.0,0.0,0.0,0.0
BIPTC2_400kV_DCtoBangladeshBorder2_400kV_DC_Line1,BIPTC2_400kV_DC,BangladeshBorder2_400kV_DC,,3.857932,0.823934,0.0,0.0003332,1385.641,0.0,False,0.0,inf,,1.0,0.0,,,0.0,True,0,inf,28.0,,1.0,1.0,-inf,inf,,0.0,0.0,0.0,0.0,0.0,0.0,0.0
BIPTC2_400kV_DCtoBangladeshBorder2_400kV_DC_Line2,BIPTC2_400kV_DC,BangladeshBorder2_400kV_DC,,3.857932,0.823934,0.0,0.0003332,1385.641,0.0,False,0.0,inf,,1.0,0.0,,,0.0,True,0,inf,28.0,,1.0,1.0,-inf,inf,,0.0,0.0,0.0,0.0,0.0,0.0,0.0
PayraPP_400kVtoPayra_400kV_Line1,PayraPP_400kV,Payra_400kV,,0.12991,0.017656,0.0,3.264e-05,2771.281,0.0,False,0.0,inf,,1.0,0.0,,,0.0,True,0,inf,1.2,,1.0,1.0,-inf,inf,,0.0,0.0,0.0,0.0,0.0,0.0,0.0
PayraPP_400kVtoPayra_400kV_Line2,PayraPP_400kV,Payra_400kV,,0.12991,0.017656,0.0,3.264e-05,2771.281,0.0,False,0.0,inf,,1.0,0.0,,,0.0,True,0,inf,1.2,,1.0,1.0,-inf,inf,,0.0,0.0,0.0,0.0,0.0,0.0,0.0
Banskhali_400kVtoMadunaghat_400kV_Line1,Banskhali_400kV,Madunaghat_400kV,,6.008336,0.816577,0.0,0.0015096,2771.281,0.0,False,0.0,inf,,1.0,0.0,,,0.0,True,0,inf,55.5,,1.0,1.0,-inf,inf,,0.0,0.0,0.0,0.0,0.0,0.0,0.0
Banskhali_400kVtoMadunaghat_400kV_Line2,Banskhali_400kV,Madunaghat_400kV,,6.008336,0.816577,0.0,0.0015096,2771.281,0.0,False,0.0,inf,,1.0,0.0,,,0.0,True,0,inf,55.5,,1.0,1.0,-inf,inf,,0.0,0.0,0.0,0.0,0.0,0.0,0.0
Monakosa_400kVtoRahanpur_400kV_Line1,Monakosa_400kV,Rahanpur_400kV,,4.133499,0.882786,0.0,0.000357,1385.641,0.0,False,0.0,inf,,1.0,0.0,,,0.0,True,0,inf,30.0,,1.0,1.0,-inf,inf,,0.0,0.0,0.0,0.0,0.0,0.0,0.0
Monakosa_400kVtoRahanpur_400kV_Line2,Monakosa_400kV,Rahanpur_400kV,,4.133499,0.882786,0.0,0.000357,1385.641,0.0,False,0.0,inf,,1.0,0.0,,,0.0,True,0,inf,30.0,,1.0,1.0,-inf,inf,,0.0,0.0,0.0,0.0,0.0,0.0,0.0
Rampal_400kVtoGopalganjNorth_400kV_Line1,Rampal_400kV,GopalganjNorth_400kV,,10.468578,1.422757,0.0,0.00263024,2771.281,0.0,False,0.0,inf,,1.0,0.0,,,0.0,True,0,inf,96.7,,1.0,1.0,-inf,inf,,0.0,0.0,0.0,0.0,0.0,0.0,0.0
Rampal_400kVtoGopalganjNorth_400kV_Line2,Rampal_400kV,GopalganjNorth_400kV,,10.468578,1.422757,0.0,0.00263024,2771.281,0.0,False,0.0,inf,,1.0,0.0,,,0.0,True,0,inf,96.7,,1.0,1.0,-inf,inf,,0.0,0.0,0.0,0.0,0.0,0.0,0.0
GopalganjNorth_400kVtoAminbazar_400kV_Line1,GopalganjNorth_400kV,Aminbazar_400kV,,8.15185,1.107896,0.0,0.00204816,2771.281,0.0,False,0.0,inf,,1.0,0.0,,,0.0,True,0,inf,75.3,,1.0,1.0,-inf,inf,,0.0,0.0,0.0,0.0,0.0,0.0,0.0
GopalganjNorth_400kVtoAminbazar_400kV_Line2,GopalganjNorth_400kV,Aminbazar_400kV,,8.15185,1.107896,0.0,0.00204816,2771.281,0.0,False,0.0,inf,,1.0,0.0,,,0.0,True,0,inf,75.3,,1.0,1.0,-inf,inf,,0.0,0.0,0.0,0.0,0.0,0.0,0.0
BoguraWest_400kVtoRahanpur_400kV_Line1,BoguraWest_400kV,Rahanpur_400kV,,14.467246,3.089751,0.0,0.0012495,1385.641,0.0,False,0.0,inf,,1.0,0.0,,,0.0,True,0,inf,105.0,,1.0,1.0,-inf,inf,,0.0,0.0,0.0,0.0,0.0,0.0,0.0
BoguraWest_400kVtoRahanpur_400kV_Line2,BoguraWest_400kV,Rahanpur_400kV,,14.467246,3.089751,0.0,0.0012495,1385.641,0.0,False,0.0,inf,,1.0,0.0,,,0.0,True,0,inf,105.0,,1.0,1.0,-inf,inf,,0.0,0.0,0.0,0.0,0.0,0.0,0.0
BargunaPP_400kVtoPayraPP_400kV_Line1,BargunaPP_400kV,PayraPP_400kV,,3.009581,0.409024,0.0,0.00075616,2771.281,0.0,False,0.0,inf,,1.0,0.0,,,0.0,True,0,inf,27.8,,1.0,1.0,-inf,inf,,0.0,0.0,0.0,0.0,0.0,0.0,0.0
Matarbari_400kVtoBanskhali_400kV_Line1,Matarbari_400kV,Banskhali_400kV,,4.113815,0.559098,0.0,0.0010336,2771.281,0.0,False,0.0,inf,,1.0,0.0,,,0.0,True,0,inf,38.0,,1.0,1.0,-inf,inf,,0.0,0.0,0.0,0.0,0.0,0.0,0.0
Matarbari_4002kVtoBanskhali_400kV_Line2,Matarbari_400kV,Banskhali_400kV,,4.113815,0.559098,0.0,0.0010336,2771.281,0.0,False,0.0,inf,,1.0,0.0,,,0.0,True,0,inf,38.0,,1.0,1.0,-inf,inf,,0.0,0.0,0.0,0.0,0.0,0.0,0.0
Madunaghat_400kVtoKorerhat_400kV_Line1,Madunaghat_400kV,Korerhat_400kV,,7.145048,0.971065,0.0,0.0017952,2771.281,0.0,False,0.0,inf,,1.0,0.0,,,0.0,True,0,inf,66.0,,1.0,1.0,-inf,inf,,0.0,0.0,0.0,0.0,0.0,0.0,0.0
Madunaghat_400kVtoKorerhat_400kV_Line2,Madunaghat_400kV,Korerhat_400kV,,7.145048,0.971065,0.0,0.0017952,2771.281,0.0,False,0.0,inf,,1.0,0.0,,,0.0,True,0,inf,66.0,,1.0,1.0,-inf,inf,,0.0,0.0,0.0,0.0,0.0,0.0,0.0
Meghnaghat_400kVtoKorerhat_400kV_Line1,Meghnaghat_400kV,Korerhat_400kV,,16.347003,2.221678,0.0,0.0041072,2771.281,0.0,False,0.0,inf,,1.0,0.0,,,0.0,True,0,inf,151.0,,1.0,1.0,-inf,inf,,0.0,0.0,0.0,0.0,0.0,0.0,0.0
Meghnaghat_400kVtoKorerhat_400kV_Line2,Meghnaghat_400kV,Korerhat_400kV,,16.347003,2.221678,0.0,0.0041072,2771.281,0.0,False,0.0,inf,,1.0,0.0,,,0.0,True,0,inf,151.0,,1.0,1.0,-inf,inf,,0.0,0.0,0.0,0.0,0.0,0.0,0.0
RNPP_400kVtoBoguraWest_400kV_Line1,RNPP_400kV,BoguraWest_400kV,,9.743247,1.324179,0.0,0.002448,2771.281,0.0,False,0.0,inf,,1.0,0.0,,,0.0,True,0,inf,90.0,,1.0,1.0,-inf,inf,,0.0,0.0,0.0,0.0,0.0,0.0,0.0
PayraPP_400kVtoAmtali_400kV_Line1,PayraPP_400kV,Amtali_400kV,,1.840391,0.250123,0.0,0.0004624,2771.281,0.0,False,0.0,inf,,1.0,0.0,,,0.0,True,0,inf,17.0,,1.0,1.0,-inf,inf,,0.0,0.0,0.0,0.0,0.0,0.0,0.0
PayraPP_400kVtoAmtali_400kV_Line2,PayraPP_400kV,Amtali_400kV,,1.840391,0.250123,0.0,0.0004624,2771.281,0.0,False,0.0,inf,,1.0,0.0,,,0.0,True,0,inf,17.0,,1.0,1.0,-inf,inf,,0.0,0.0,0.0,0.0,0.0,0.0,0.0
GopalganjNorth_400kVtoAmtali_400kV_Line1,GopalganjNorth_400kV,Amtali_400kV,,15.91397,2.162826,0.0,0.0039984,2771.281,0.0,False,0.0,inf,,1.0,0.0,,,0.0,True,0,inf,147.0,,1.0,1.0,-inf,inf,,0.0,0.0,0.0,0.0,0.0,0.0,0.0
GopalganjNorth_400kVtoAmtali_400kV_Line2,GopalganjNorth_400kV,Amtali_400kV,,15.91397,2.162826,0.0,0.0039984,2771.281,0.0,False,0.0,inf,,1.0,0.0,,,0.0,True,0,inf,147.0,,1.0,1.0,-inf,inf,,0.0,0.0,0.0,0.0,0.0,0.0,0.0
Amtali_400kVtoRNPL_400kV_Line1,Amtali_400kV,RNPL_400kV,,1.071757,0.14566,0.0,0.00026928,2771.281,0.0,False,0.0,inf,,1.0,0.0,,,0.0,True,0,inf,9.9,,1.0,1.0,-inf,inf,,0.0,0.0,0.0,0.0,0.0,0.0,0.0
Amtali_400kVtoRNPL_400kV_Line2,Amtali_400kV,RNPL_400kV,,1.071757,0.14566,0.0,0.00026928,2771.281,0.0,False,0.0,inf,,1.0,0.0,,,0.0,True,0,inf,9.9,,1.0,1.0,-inf,inf,,0.0,0.0,0.0,0.0,0.0,0.0,0.0
Bogura_400kVtoKaliakoir_400kV_Line1,Bogura_400kV,Kaliakoir_400kV,,7.902856,1.074056,0.0,0.0019856,2771.281,0.0,False,0.0,inf,,1.0,0.0,,,0.0,True,0,inf,73.0,,1.0,1.0,-inf,inf,,0.0,0.0,0.0,0.0,0.0,0.0,0.0
Bogura_400kVtoKaliakoir_400kV_Line2,Bogura_400kV,Kaliakoir_400kV,,7.902856,1.074056,0.0,0.0019856,2771.281,0.0,False,0.0,inf,,1.0,0.0,,,0.0,True,0,inf,73.0,,1.0,1.0,-inf,inf,,0.0,0.0,0.0,0.0,0.0,0.0,0.0
Aminbazar_400kVtoKaliakoir_400kV_Line1,Aminbazar_400kV,Kaliakoir_400kV,,5.521173,0.750368,0.0,0.0013872,2771.281,0.0,False,0.0,inf,,1.0,0.0,,,0.0,True,0,inf,51.0,,1.0,1.0,-inf,inf,,0.0,0.0,0.0,0.0,0.0,0.0,0.0
RNPP_400kVtoGopalganjNorth_400kV_Line1,RNPP_400kV,GopalganjNorth_400kV,,16.888295,2.295244,0.0,0.0042432,2771.281,0.0,False,0.0,inf,,1.0,0.0,,,0.0,True,0,inf,156.0,,1.0,1.0,-inf,inf,,0.0,0.0,0.0,0.0,0.0,0.0,0.0
Ghorashal_230kVtoIshwardi_230kV_Line1,Ghorashal_230kV,Ishwardi_230kV,,35.597923,14.21791,0.0,0.00100275,328.258,0.0,False,0.0,inf,,1.0,0.0,,,0.0,True,0,inf,175.0,,1.0,1.0,-inf,inf,,0.0,0.0,0.0,0.0,0.0,0.0,0.0
Ghorashal_230kVtoIshwardi_230kV_Line2,Ghorashal_230kV,Ishwardi_230kV,,35.597923,14.21791,0.0,0.00100275,328.258,0.0,False,0.0,inf,,1.0,0.0,,,0.0,True,0,inf,175.0,,1.0,1.0,-inf,inf,,0.0,0.0,0.0,0.0,0.0,0.0,0.0
Tongi_230kVtoGhorashal_230kV_Line1,Tongi_230kV,Ghorashal_230kV,,5.492251,2.19362,0.0,0.00015471,328.258,0.0,False,0.0,inf,,1.0,0.0,,,0.0,True,0,inf,27.0,,1.0,1.0,-inf,inf,,0.0,0.0,0.0,0.0,0.0,0.0,0.0
Tongi_230kVtoGhorashal_230kV_Line2,Tongi_230kV,Ghorashal_230kV,,5.492251,2.19362,0.0,0.00015471,328.258,0.0,False,0.0,inf,,1.0,0.0,,,0.0,True,0,inf,27.0,,1.0,1.0,-inf,inf,,0.0,0.0,0.0,0.0,0.0,0.0,0.0
Ghorashal_230kVtoAshuganj_230kV_Line1,Ghorashal_230kV,Ashuganj_230kV,,8.950335,3.574789,0.0,0.00025212,328.258,0.0,False,0.0,inf,,1.0,0.0,,,0.0,True,0,inf,44.0,,1.0,1.0,-inf,inf,,0.0,0.0,0.0,0.0,0.0,0.0,0.0
Ghorashal_230kVtoAshuganj_230kV_Line2,Ghorashal_230kV,Ashuganj_230kV,,8.950335,3.574789,0.0,0.00025212,328.258,0.0,False,0.0,inf,,1.0,0.0,,,0.0,True,0,inf,44.0,,1.0,1.0,-inf,inf,,0.0,0.0,0.0,0.0,0.0,0.0,0.0
Raozan_230kVtoHathazari_230kV_Line1,Raozan_230kV,Hathazari_230kV,,3.436126,1.00188,0.0,0.000243,545.769,0.0,False,0.0,inf,,1.0,0.0,,,0.0,True,0,inf,22.5,,1.0,1.0,-inf,inf,,0.0,0.0,0.0,0.0,0.0,0.0,0.0
Raozan_230kVtoHathazari_230kV_Line2,Raozan_230kV,Hathazari_230kV,,3.436126,1.00188,0.0,0.000243,545.769,0.0,False,0.0,inf,,1.0,0.0,,,0.0,True,0,inf,22.5,,1.0,1.0,-inf,inf,,0.0,0.0,0.0,0.0,0.0,0.0,0.0
Ashuganj_230kVtoCumillaNorth_230kV_Line1,Ashuganj_230kV,CumillaNorth_230kV,,15.549831,4.64934,0.0,0.00047163,398.372,0.0,False,0.0,inf,,1.0,0.0,,,0.0,True,0,inf,79.0,,1.0,1.0,-inf,inf,,0.0,0.0,0.0,0.0,0.0,0.0,0.0
Ashuganj_230kVtoCumillaNorth_230kV_Line2,Ashuganj_230kV,CumillaNorth_230kV,,15.549831,4.64934,0.0,0.00047163,398.372,0.0,False,0.0,inf,,1.0,0.0,,,0.0,True,0,inf,79.0,,1.0,1.0,-inf,inf,,0.0,0.0,0.0,0.0,0.0,0.0,0.0
Ghorashal_230kVtoBhulta_230kV_Line1,Ghorashal_230kV,Bhulta_230kV,,7.119585,2.03113,0.0,0.000575,656.517,0.0,False,0.0,inf,,1.0,0.0,,,0.0,True,0,inf,50.0,,1.0,1.0,-inf,inf,,0.0,0.0,0.0,0.0,0.0,0.0,0.0
Ghorashal_230kVtoBhulta_230kV_Line2,Ghorashal_230kV,Bhulta_230kV,,7.119585,2.03113,0.0,0.000575,656.517,0.0,False,0.0,inf,,1.0,0.0,,,0.0,True,0,inf,50.0,,1.0,1.0,-inf,inf,,0.0,0.0,0.0,0.0,0.0,0.0,0.0
Bhulta_230kVtoRampura_230kV_Line1,Bhulta_230kV,Rampura_230kV,,2.847834,0.812452,0.0,0.00023,656.517,0.0,False,0.0,inf,,1.0,0.0,,,0.0,True,0,inf,20.0,,1.0,1.0,-inf,inf,,0.0,0.0,0.0,0.0,0.0,0.0,0.0
Bhulta_230kVtoRampura_230kV_Line2,Bhulta_230kV,Rampura_230kV,,2.847834,0.812452,0.0,0.00023,656.517,0.0,False,0.0,inf,,1.0,0.0,,,0.0,True,0,inf,20.0,,1.0,1.0,-inf,inf,,0.0,0.0,0.0,0.0,0.0,0.0,0.0
Haripur_230kVtoBhulta_230kV_Line1,Haripur_230kV,Bhulta_230kV,,3.132617,0.893697,0.0,0.000253,656.517,0.0,False,0.0,inf,,1.0,0.0,,,0.0,True,0,inf,22.0,,1.0,1.0,-inf,inf,,0.0,0.0,0.0,0.0,0.0,0.0,0.0
Haripur_230kVtoBhulta_230kV_Line2,Haripur_230kV,Bhulta_230kV,,3.132617,0.893697,0.0,0.000253,656.517,0.0,False,0.0,inf,,1.0,0.0,,,0.0,True,0,inf,22.0,,1.0,1.0,-inf,inf,,0.0,0.0,0.0,0.0,0.0,0.0,0.0
Haripur_230kVtoMeghnaghat_230kV_Line1,Haripur_230kV,Meghnaghat_230kV,,1.779896,0.507783,0.0,0.00014375,656.517,0.0,False,0.0,inf,,1.0,0.0,,,0.0,True,0,inf,12.5,,1.0,1.0,-inf,inf,,0.0,0.0,0.0,0.0,0.0,0.0,0.0
Haripur_230kVtoMeghnaghat_230kV_Line2,Haripur_230kV,Meghnaghat_230kV,,1.779896,0.507783,0.0,0.00014375,656.517,0.0,False,0.0,inf,,1.0,0.0,,,0.0,True,0,inf,12.5,,1.0,1.0,-inf,inf,,0.0,0.0,0.0,0.0,0.0,0.0,0.0
Meghnaghat_230kVtoShyampur_230kV_Line1,Meghnaghat_230kV,Shyampur_230kV,,1.744298,0.497627,0.0,0.000140875,656.517,0.0,False,0.0,inf,,1.0,0.0,,,0.0,True,0,inf,12.25,,1.0,1.0,-inf,inf,,0.0,0.0,0.0,0.0,0.0,0.0,0.0
Meghnaghat_230kVtoShyampur_230kV_Line2,Meghnaghat_230kV,Shyampur_230kV,,1.744298,0.497627,0.0,0.000140875,656.517,0.0,False,0.0,inf,,1.0,0.0,,,0.0,True,0,inf,12.25,,1.0,1.0,-inf,inf,,0.0,0.0,0.0,0.0,0.0,0.0,0.0
Shyampur_230kVtoHasnabad_230kV_Line1,Shyampur_230kV,Hasnabad_230kV,,1.744298,0.497627,0.0,0.000140875,656.517,0.0,False,0.0,inf,,1.0,0.0,,,0.0,True,0,inf,12.25,,1.0,1.0,-inf,inf,,0.0,0.0,0.0,0.0,0.0,0.0,0.0
Shyampur_230kVtoHasnabad_230kV_Line2,Shyampur_230kV,Hasnabad_230kV,,1.744298,0.497627,0.0,0.000140875,656.517,0.0,False,0.0,inf,,1.0,0.0,,,0.0,True,0,inf,12.25,,1.0,1.0,-inf,inf,,0.0,0.0,0.0,0.0,0.0,0.0,0.0
CumillaNorth_230kVtoFeniNorth_230kV_Line1,CumillaNorth_230kV,FeniNorth_230kV,,13.778331,4.119668,0.0,0.0004179,398.372,0.0,False,0.0,inf,,1.0,0.0,,,0.0,True,0,inf,70.0,,1.0,1.0,-inf,inf,,0.0,0.0,0.0,0.0,0.0,0.0,0.0
CumillaNorth_230kVtoFeniNorth_230kV_Line2,CumillaNorth_230kV,FeniNorth_230kV,,13.778331,4.119668,0.0,0.0004179,398.372,0.0,False,0.0,inf,,1.0,0.0,,,0.0,True,0,inf,70.0,,1.0,1.0,-inf,inf,,0.0,0.0,0.0,0.0,0.0,0.0,0.0
FeniNorth_230kVtoBSRM_230kV_Line1,FeniNorth_230kV,BSRM_230kV,,5.117666,1.530162,0.0,0.00015522,398.372,0.0,False,0.0,inf,,1.0,0.0,,,0.0,True,0,inf,26.0,,1.0,1.0,-inf,inf,,0.0,0.0,0.0,0.0,0.0,0.0,0.0
FeniNorth_230kVtoBSRM_230kV_Line2,FeniNorth_230kV,BSRM_230kV,,5.117666,1.530162,0.0,0.00015522,398.372,0.0,False,0.0,inf,,1.0,0.0,,,0.0,True,0,inf,26.0,,1.0,1.0,-inf,inf,,0.0,0.0,0.0,0.0,0.0,0.0,0.0
BSRM_230kVtoGPH_230kV_Line1,BSRM_230kV,GPH_230kV,,7.873332,2.354096,0.0,0.0002388,398.372,0.0,False,0.0,inf,,1.0,0.0,,,0.0,True,0,inf,40.0,,1.0,1.0,-inf,inf,,0.0,0.0,0.0,0.0,0.0,0.0,0.0
BSRM_230kVtoGPH_230kV_Line2,BSRM_230kV,GPH_230kV,,7.873332,2.354096,0.0,0.0002388,398.372,0.0,False,0.0,inf,,1.0,0.0,,,0.0,True,0,inf,40.0,,1.0,1.0,-inf,inf,,0.0,0.0,0.0,0.0,0.0,0.0,0.0
GPH_230kVtoAKSPL_230kV_Line1,GPH_230kV,AKSPL_230kV,,2.558833,0.765081,0.0,7.761e-05,398.372,0.0,False,0.0,inf,,1.0,0.0,,,0.0,True,0,inf,13.0,,1.0,1.0,-inf,inf,,0.0,0.0,0.0,0.0,0.0,0.0,0.0
GPH_230kVtoAKSPL_230kV_Line2,GPH_230kV,AKSPL_230kV,,2.558833,0.765081,0.0,7.761e-05,398.372,0.0,False,0.0,inf,,1.0,0.0,,,0.0,True,0,inf,13.0,,1.0,1.0,-inf,inf,,0.0,0.0,0.0,0.0,0.0,0.0,0.0
AKSPL_230kVtoHathazari_230kV_Line1,AKSPL_230kV,Hathazari_230kV,,1.7715,0.529672,0.0,5.373e-05,398.372,0.0,False,0.0,inf,,1.0,0.0,,,0.0,True,0,inf,9.0,,1.0,1.0,-inf,inf,,0.0,0.0,0.0,0.0,0.0,0.0,0.0
AKSPL_230kVtoHathazari_230kV_Line2,AKSPL_230kV,Hathazari_230kV,,1.7715,0.529672,0.0,5.373e-05,398.372,0.0,False,0.0,inf,,1.0,0.0,,,0.0,True,0,inf,9.0,,1.0,1.0,-inf,inf,,0.0,0.0,0.0,0.0,0.0,0.0,0.0
AESHaripur_230kVtoHaripur_230kV_Line1,AESHaripur_230kV,Haripur_230kV,,0.4724,0.141246,0.0,1.4328e-05,398.372,0.0,False,0.0,inf,,1.0,0.0,,,0.0,True,0,inf,2.4,,1.0,1.0,-inf,inf,,0.0,0.0,0.0,0.0,0.0,0.0,0.0
AESHaripur_230kVtoHaripur_230kV_Line2,AESHaripur_230kV,Haripur_230kV,,0.4724,0.141246,0.0,1.4328e-05,398.372,0.0,False,0.0,inf,,1.0,0.0,,,0.0,True,0,inf,2.4,,1.0,1.0,-inf,inf,,0.0,0.0,0.0,0.0,0.0,0.0,0.0
CumillaNorth_230kVtoMeghnaghat_230kV_Line1,CumillaNorth_230kV,Meghnaghat_230kV,,8.258719,2.356111,0.0,0.000667,656.517,0.0,False,0.0,inf,,1.0,0.0,,,0.0,True,0,inf,58.0,,1.0,1.0,-inf,inf,,0.0,0.0,0.0,0.0,0.0,0.0,0.0
CumillaNorth_230kVtoMeghnaghat_230kV_Line2,CumillaNorth_230kV,Meghnaghat_230kV,,8.258719,2.356111,0.0,0.000667,656.517,0.0,False,0.0,inf,,1.0,0.0,,,0.0,True,0,inf,58.0,,1.0,1.0,-inf,inf,,0.0,0.0,0.0,0.0,0.0,0.0,0.0
Tongi_230kVtoKaliakoir_230kV_Line1,Tongi_230kV,Kaliakoir_230kV,,3.60738,0.861981,0.0,0.0002898,719.459,0.0,False,0.0,inf,,1.0,0.0,,,0.0,True,0,inf,25.2,,1.0,1.0,-inf,inf,,0.0,0.0,0.0,0.0,0.0,0.0,0.0
Tongi_230kVtoKaliakoir_230kV_Line2,Tongi_230kV,Kaliakoir_230kV,,3.60738,0.861981,0.0,0.0002898,719.459,0.0,False,0.0,inf,,1.0,0.0,,,0.0,True,0,inf,25.2,,1.0,1.0,-inf,inf,,0.0,0.0,0.0,0.0,0.0,0.0,0.0
Kaliakoir_230kVtoAminbazar_230kV_Line1,Kaliakoir_230kV,Aminbazar_230kV,,4.5808,1.094579,0.0,0.000368,719.459,0.0,False,0.0,inf,,1.0,0.0,,,0.0,True,0,inf,32.0,,1.0,1.0,-inf,inf,,0.0,0.0,0.0,0.0,0.0,0.0,0.0
Kaliakoir_230kVtoAminbazar_230kV_Line2,Kaliakoir_230kV,Aminbazar_230kV,,4.5808,1.094579,0.0,0.000368,719.459,0.0,False,0.0,inf,,1.0,0.0,,,0.0,True,0,inf,32.0,,1.0,1.0,-inf,inf,,0.0,0.0,0.0,0.0,0.0,0.0,0.0
Aminbazar_230kVtoKeraniganj_230kV_Line1,Aminbazar_230kV,Keraniganj_230kV,,1.538863,0.36771,0.0,0.000123625,719.459,0.0,False,0.0,inf,,1.0,0.0,,,0.0,True,0,inf,10.75,,1.0,1.0,-inf,inf,,0.0,0.0,0.0,0.0,0.0,0.0,0.0
Aminbazar_230kVtoKeraniganj_230kV_Line2,Aminbazar_230kV,Keraniganj_230kV,,1.538863,0.36771,0.0,0.000123625,719.459,0.0,False,0.0,inf,,1.0,0.0,,,0.0,True,0,inf,10.75,,1.0,1.0,-inf,inf,,0.0,0.0,0.0,0.0,0.0,0.0,0.0
Hasnabad_230kVtoKeraniganj_230kV_Line1,Hasnabad_230kV,Keraniganj_230kV,,1.538863,0.36771,0.0,0.000123625,719.459,0.0,False,0.0,inf,,1.0,0.0,,,0.0,True,0,inf,10.75,,1.0,1.0,-inf,inf,,0.0,0.0,0.0,0.0,0.0,0.0,0.0
Hasnabad_230kVtoKeraniganj_230kV_Line2,Hasnabad_230kV,Keraniganj_230kV,,1.538863,0.36771,0.0,0.000123625,719.459,0.0,False,0.0,inf,,1.0,0.0,,,0.0,True,0,inf,10.75,,1.0,1.0,-inf,inf,,0.0,0.0,0.0,0.0,0.0,0.0,0.0
Ashuganj_230kVtoSripur_230kV_Line1,Ashuganj_230kV,Sripur_230kV,,10.73625,2.56542,0.0,0.0008625,719.459,0.0,False,0.0,inf,,1.0,0.0,,,0.0,True,0,inf,75.0,,1.0,1.0,-inf,inf,,0.0,0.0,0.0,0.0,0.0,0.0,0.0
Ashuganj_230kVtoSripur_230kV_Line2,Ashuganj_230kV,Sripur_230kV,,10.73625,2.56542,0.0,0.0008625,719.459,0.0,False,0.0,inf,,1.0,0.0,,,0.0,True,0,inf,75.0,,1.0,1.0,-inf,inf,,0.0,0.0,0.0,0.0,0.0,0.0,0.0
Sripur_230kVtoSirajganjSouthWest_230kV_Line1,Sripur_230kV,SirajganjSouthWest_230kV,,9.87735,2.360186,0.0,0.0007935,719.459,0.0,False,0.0,inf,,1.0,0.0,,,0.0,True,0,inf,69.0,,1.0,1.0,-inf,inf,,0.0,0.0,0.0,0.0,0.0,0.0,0.0
Sripur_230kVtoSirajganjSouthWest_230kV_Line2,Sripur_230kV,SirajganjSouthWest_230kV,,9.87735,2.360186,0.0,0.0007935,719.459,0.0,False,0.0,inf,,1.0,0.0,,,0.0,True,0,inf,69.0,,1.0,1.0,-inf,inf,,0.0,0.0,0.0,0.0,0.0,0.0,0.0
KhulnaSouth_230kVtoJhenaidahSouth_230kV_Line1,KhulnaSouth_230kV,JhenaidahSouth_230kV,,13.7424,3.283738,0.0,0.001104,719.459,0.0,False,0.0,inf,,1.0,0.0,,,0.0,True,0,inf,96.0,,1.0,1.0,-inf,inf,,0.0,0.0,0.0,0.0,0.0,0.0,0.0
KhulnaSouth_230kVtoJhenaidahSouth_230kV_Line2,KhulnaSouth_230kV,JhenaidahSouth_230kV,,13.7424,3.283738,0.0,0.001104,719.459,0.0,False,0.0,inf,,1.0,0.0,,,0.0,True,0,inf,96.0,,1.0,1.0,-inf,inf,,0.0,0.0,0.0,0.0,0.0,0.0,0.0
JhenaidahSouth_230kVtoBheramara_230kV_Line1,JhenaidahSouth_230kV,Bheramara_230kV,,11.523575,2.753551,0.0,0.00092575,719.459,0.0,False,0.0,inf,,1.0,0.0,,,0.0,True,0,inf,80.5,,1.0,1.0,-inf,inf,,0.0,0.0,0.0,0.0,0.0,0.0,0.0
JhenaidahSouth_230kVtoBheramara_230kV_Line2,JhenaidahSouth_230kV,Bheramara_230kV,,11.523575,2.753551,0.0,0.00092575,719.459,0.0,False,0.0,inf,,1.0,0.0,,,0.0,True,0,inf,80.5,,1.0,1.0,-inf,inf,,0.0,0.0,0.0,0.0,0.0,0.0,0.0
Bheramara_230kVtoIshwardi_230kV_Line1,Bheramara_230kV,Ishwardi_230kV,,1.445815,0.345477,0.0,0.00011615,719.459,0.0,False,0.0,inf,,1.0,0.0,,,0.0,True,0,inf,10.1,,1.0,1.0,-inf,inf,,0.0,0.0,0.0,0.0,0.0,0.0,0.0
Bheramara_230kVtoIshwardi_230kV_Line2,Bheramara_230kV,Ishwardi_230kV,,1.445815,0.345477,0.0,0.00011615,719.459,0.0,False,0.0,inf,,1.0,0.0,,,0.0,True,0,inf,10.1,,1.0,1.0,-inf,inf,,0.0,0.0,0.0,0.0,0.0,0.0,0.0
BoguraWest_230kVtoBarapukuria_230kV_Line1,BoguraWest_230kV,Barapukuria_230kV,,15.1739,3.625794,0.0,0.001219,719.459,0.0,False,0.0,inf,,1.0,0.0,,,0.0,True,0,inf,106.0,,1.0,1.0,-inf,inf,,0.0,0.0,0.0,0.0,0.0,0.0,0.0
BoguraWest_230kVtoBarapukuria_230kV_Line2,BoguraWest_230kV,Barapukuria_230kV,,15.1739,3.625794,0.0,0.001219,719.459,0.0,False,0.0,inf,,1.0,0.0,,,0.0,True,0,inf,106.0,,1.0,1.0,-inf,inf,,0.0,0.0,0.0,0.0,0.0,0.0,0.0
BoguraSouth_230kVtoBoguraWest_230kV_Line1,BoguraSouth_230kV,BoguraWest_230kV,,1.57465,0.376262,0.0,0.0001265,719.459,0.0,False,0.0,inf,,1.0,0.0,,,0.0,True,0,inf,11.0,,1.0,1.0,-inf,inf,,0.0,0.0,0.0,0.0,0.0,0.0,0.0
BoguraSouth_230kVtoBoguraWest_230kV_Line2,BoguraSouth_230kV,BoguraWest_230kV,,1.57465,0.376262,0.0,0.0001265,719.459,0.0,False,0.0,inf,,1.0,0.0,,,0.0,True,0,inf,11.0,,1.0,1.0,-inf,inf,,0.0,0.0,0.0,0.0,0.0,0.0,0.0
BoguraSouth_230kVtoBoguraWest_230kV_Line3,BoguraSouth_230kV,BoguraWest_230kV,,1.57465,0.376262,0.0,0.0001265,719.459,0.0,False,0.0,inf,,1.0,0.0,,,0.0,True,0,inf,11.0,,1.0,1.0,-inf,inf,,0.0,0.0,0.0,0.0,0.0,0.0,0.0
BoguraSouth_230kVtoBoguraWest_230kV_Line4,BoguraSouth_230kV,BoguraWest_230kV,,1.57465,0.376262,0.0,0.0001265,719.459,0.0,False,0.0,inf,,1.0,0.0,,,0.0,True,0,inf,11.0,,1.0,1.0,-inf,inf,,0.0,0.0,0.0,0.0,0.0,0.0,0.0
SirajganjSouthWest_230kVtoBoguraSouth_230kV_Line1,SirajganjSouthWest_230kV,BoguraSouth_230kV,,10.378375,2.479906,0.0,0.00083375,719.459,0.0,False,0.0,inf,,1.0,0.0,,,0.0,True,0,inf,72.5,,1.0,1.0,-inf,inf,,0.0,0.0,0.0,0.0,0.0,0.0,0.0
SirajganjSouthWest_230kVtoBoguraSouth_230kV_Line2,SirajganjSouthWest_230kV,BoguraSouth_230kV,,10.378375,2.479906,0.0,0.00083375,719.459,0.0,False,0.0,inf,,1.0,0.0,,,0.0,True,0,inf,72.5,,1.0,1.0,-inf,inf,,0.0,0.0,0.0,0.0,0.0,0.0,0.0
Ishwardi_230kVtoBaghabari_230kV_Line1,Ishwardi_230kV,Baghabari_230kV,,7.87325,1.881308,0.0,0.0006325,719.459,0.0,False,0.0,inf,,1.0,0.0,,,0.0,True,0,inf,55.0,,1.0,1.0,-inf,inf,,0.0,0.0,0.0,0.0,0.0,0.0,0.0
Ishwardi_230kVtoBaghabari_230kV_Line2,Ishwardi_230kV,Baghabari_230kV,,7.87325,1.881308,0.0,0.0006325,719.459,0.0,False,0.0,inf,,1.0,0.0,,,0.0,True,0,inf,55.0,,1.0,1.0,-inf,inf,,0.0,0.0,0.0,0.0,0.0,0.0,0.0
Baghabari_230kVtoSirajganjSouthWest_230kV_Line1,Baghabari_230kV,SirajganjSouthWest_230kV,,5.4397,1.299813,0.0,0.000437,719.459,0.0,False,0.0,inf,,1.0,0.0,,,0.0,True,0,inf,38.0,,1.0,1.0,-inf,inf,,0.0,0.0,0.0,0.0,0.0,0.0,0.0
Baghabari_230kVtoSirajganjSouthWest_230kV_Line2,Baghabari_230kV,SirajganjSouthWest_230kV,,5.4397,1.299813,0.0,0.000437,719.459,0.0,False,0.0,inf,,1.0,0.0,,,0.0,True,0,inf,38.0,,1.0,1.0,-inf,inf,,0.0,0.0,0.0,0.0,0.0,0.0,0.0
Fenchuganj_230kVtoBibiyana_230kV_Line1,Fenchuganj_230kV,Bibiyana_230kV,,4.770122,1.360857,0.0,0.00038525,656.517,0.0,False,0.0,inf,,1.0,0.0,,,0.0,True,0,inf,33.5,,1.0,1.0,-inf,inf,,0.0,0.0,0.0,0.0,0.0,0.0,0.0
Fenchuganj_230kVtoBibiyana_230kV_Line2,Fenchuganj_230kV,Bibiyana_230kV,,4.770122,1.360857,0.0,0.00038525,656.517,0.0,False,0.0,inf,,1.0,0.0,,,0.0,True,0,inf,33.5,,1.0,1.0,-inf,inf,,0.0,0.0,0.0,0.0,0.0,0.0,0.0
Bibiyana_230kVtoShahjibazar_230kV_Line1,Bibiyana_230kV,Shahjibazar_230kV,,13.527212,3.859147,0.0,0.0010925,656.517,0.0,False,0.0,inf,,1.0,0.0,,,0.0,True,0,inf,95.0,,1.0,1.0,-inf,inf,,0.0,0.0,0.0,0.0,0.0,0.0,0.0
Bibiyana_230kVtoShahjibazar_230kV_Line2,Bibiyana_230kV,Shahjibazar_230kV,,13.527212,3.859147,0.0,0.0010925,656.517,0.0,False,0.0,inf,,1.0,0.0,,,0.0,True,0,inf,95.0,,1.0,1.0,-inf,inf,,0.0,0.0,0.0,0.0,0.0,0.0,0.0
Shahjibazar_230kVtoCumillaNorth_230kV_Line1,Shahjibazar_230kV,CumillaNorth_230kV,,8.329914,2.376422,0.0,0.00067275,656.517,0.0,False,0.0,inf,,1.0,0.0,,,0.0,True,0,inf,58.5,,1.0,1.0,-inf,inf,,0.0,0.0,0.0,0.0,0.0,0.0,0.0
Shahjibazar_230kVtoCumillaNorth_230kV_Line2,Shahjibazar_230kV,CumillaNorth_230kV,,8.329914,2.376422,0.0,0.00067275,656.517,0.0,False,0.0,inf,,1.0,0.0,,,0.0,True,0,inf,58.5,,1.0,1.0,-inf,inf,,0.0,0.0,0.0,0.0,0.0,0.0,0.0
Aminbazar_230kVtoAgargaon_230kV_Line1,Aminbazar_230kV,Agargaon_230kV,,1.067938,0.30467,0.0,8.625e-05,656.517,0.0,False,0.0,inf,,1.0,0.0,,,0.0,True,0,inf,7.5,,1.0,1.0,-inf,inf,,0.0,0.0,0.0,0.0,0.0,0.0,0.0
Aminbazar_230kVtoAgargaon_230kV_Line2,Aminbazar_230kV,Agargaon_230kV,,1.067938,0.30467,0.0,8.625e-05,656.517,0.0,False,0.0,inf,,1.0,0.0,,,0.0,True,0,inf,7.5,,1.0,1.0,-inf,inf,,0.0,0.0,0.0,0.0,0.0,0.0,0.0
Siddhirganj_230kVtoManiknagar_230kV_Line1,Siddhirganj_230kV,Maniknagar_230kV,,1.566309,0.446849,0.0,0.0001265,656.517,0.0,False,0.0,inf,,1.0,0.0,,,0.0,True,0,inf,11.0,,1.0,1.0,-inf,inf,,0.0,0.0,0.0,0.0,0.0,0.0,0.0
Siddhirganj_230kVtoManiknagar_230kV_Line2,Siddhirganj_230kV,Maniknagar_230kV,,1.566309,0.446849,0.0,0.0001265,656.517,0.0,False,0.0,inf,,1.0,0.0,,,0.0,True,0,inf,11.0,,1.0,1.0,-inf,inf,,0.0,0.0,0.0,0.0,0.0,0.0,0.0
BarishalNorth_230kVtoBorhanuddin_230kV_Line1,BarishalNorth_230kV,Borhanuddin_230kV,,8.899481,2.538912,0.0,0.00071875,656.517,0.0,False,0.0,inf,,1.0,0.0,,,0.0,True,0,inf,62.5,,1.0,1.0,-inf,inf,,0.0,0.0,0.0,0.0,0.0,0.0,0.0
BarishalNorth_230kVtoBorhanuddin_230kV_Line2,BarishalNorth_230kV,Borhanuddin_230kV,,8.899481,2.538912,0.0,0.00071875,656.517,0.0,False,0.0,inf,,1.0,0.0,,,0.0,True,0,inf,62.5,,1.0,1.0,-inf,inf,,0.0,0.0,0.0,0.0,0.0,0.0,0.0
BheramaraHVDC_230kVtoBheramara_230kV_Line1,BheramaraHVDC_230kV,Bheramara_230kV,,0.8589,0.205234,0.0,6.9e-05,719.459,0.0,False,0.0,inf,,1.0,0.0,,,0.0,True,0,inf,6.0,,1.0,1.0,-inf,inf,,0.0,0.0,0.0,0.0,0.0,0.0,0.0
BheramaraHVDC_230kVtoBheramara_230kV_Line2,BheramaraHVDC_230kV,Bheramara_230kV,,0.8589,0.205234,0.0,6.9e-05,719.459,0.0,False,0.0,inf,,1.0,0.0,,,0.0,True,0,inf,6.0,,1.0,1.0,-inf,inf,,0.0,0.0,0.0,0.0,0.0,0.0,0.0
Haripur_230kVtoSiddhirganj_230kV_Line1,Haripur_230kV,Siddhirganj_230kV,,0.234946,0.067027,0.0,1.8975e-05,656.517,0.0,False,0.0,inf,,1.0,0.0,,,0.0,True,0,inf,1.65,,1.0,1.0,-inf,inf,,0.0,0.0,0.0,0.0,0.0,0.0,0.0
Haripur_230kVtoSiddhirganj_230kV_Line2,Haripur_230kV,Siddhirganj_230kV,,0.234946,0.067027,0.0,1.8975e-05,656.517,0.0,False,0.0,inf,,1.0,0.0,,,0.0,True,0,inf,1.65,,1.0,1.0,-inf,inf,,0.0,0.0,0.0,0.0,0.0,0.0,0.0
Sikalbaha_230kVtoAnwara_230kV_Line1,Sikalbaha_230kV,Anwara_230kV,,2.491855,0.710896,0.0,0.00020125,656.517,0.0,False,0.0,inf,,1.0,0.0,,,0.0,True,0,inf,17.5,,1.0,1.0,-inf,inf,,0.0,0.0,0.0,0.0,0.0,0.0,0.0
Sikalbaha_230kVtoAnwara_230kV_Line2,Sikalbaha_230kV,Anwara_230kV,,2.491855,0.710896,0.0,0.00020125,656.517,0.0,False,0.0,inf,,1.0,0.0,,,0.0,True,0,inf,17.5,,1.0,1.0,-inf,inf,,0.0,0.0,0.0,0.0,0.0,0.0,0.0
Patuakhali_230kVtoPayra_230kV_Line1,Patuakhali_230kV,Payra_230kV,,6.621214,1.888951,0.0,0.00053475,656.517,0.0,False,0.0,inf,,1.0,0.0,,,0.0,True,0,inf,46.5,,1.0,1.0,-inf,inf,,0.0,0.0,0.0,0.0,0.0,0.0,0.0
Patuakhali_230kVtoPayra_230kV_Line2,Patuakhali_230kV,Payra_230kV,,6.621214,1.888951,0.0,0.00053475,656.517,0.0,False,0.0,inf,,1.0,0.0,,,0.0,True,0,inf,46.5,,1.0,1.0,-inf,inf,,0.0,0.0,0.0,0.0,0.0,0.0,0.0
RajshahiNorth_230kVtoIshwardi_230kV_Line1,RajshahiNorth_230kV,Ishwardi_230kV,,11.248944,3.209185,0.0,0.0009085,656.517,0.0,False,0.0,inf,,1.0,0.0,,,0.0,True,0,inf,79.0,,1.0,1.0,-inf,inf,,0.0,0.0,0.0,0.0,0.0,0.0,0.0
RajshahiNorth_230kVtoIshwardi_230kV_Line2,RajshahiNorth_230kV,Ishwardi_230kV,,11.248944,3.209185,0.0,0.0009085,656.517,0.0,False,0.0,inf,,1.0,0.0,,,0.0,True,0,inf,79.0,,1.0,1.0,-inf,inf,,0.0,0.0,0.0,0.0,0.0,0.0,0.0
Madunaght_230kVtoHathazari_230kV_Line1,Madunaght_230kVt,Hathazari_230kV,,3.171775,0.575825,0.0,0.0007371,1313.033,0.0,False,0.0,inf,,1.0,0.0,,,0.0,True,0,inf,28.35,,1.0,1.0,-inf,inf,,0.0,0.0,0.0,0.0,0.0,0.0,0.0
Madunaght_230kVttoHathazari_230kV_Line2,Madunaght_230kVt,Hathazari_230kV,,3.171775,0.575825,0.0,0.0007371,1313.033,0.0,False,0.0,inf,,1.0,0.0,,,0.0,True,0,inf,28.35,,1.0,1.0,-inf,inf,,0.0,0.0,0.0,0.0,0.0,0.0,0.0
Rampal_230kVtoKhulnaSouth_230kV_Line1,Rampal_230kV,KhulnaSouth_230kV,,3.417401,0.974942,0.0,0.000276,656.517,0.0,False,0.0,inf,,1.0,0.0,,,0.0,True,0,inf,24.0,,1.0,1.0,-inf,inf,,0.0,0.0,0.0,0.0,0.0,0.0,0.0
Rampal_230kVtoKhulnaSouth_230kV_Line2,Rampal_230kV,KhulnaSouth_230kV,,3.417401,0.974942,0.0,0.000276,656.517,0.0,False,0.0,inf,,1.0,0.0,,,0.0,True,0,inf,24.0,,1.0,1.0,-inf,inf,,0.0,0.0,0.0,0.0,0.0,0.0,0.0
BarishalNorth_230kVtoGopalganjNorth_230kV_Line1,BarishalNorth_230kV,GopalganjNorth_230kV,,10.679378,3.046695,0.0,0.0008625,656.517,0.0,False,0.0,inf,,1.0,0.0,,,0.0,True,0,inf,75.0,,1.0,1.0,-inf,inf,,0.0,0.0,0.0,0.0,0.0,0.0,0.0
BarishalNorth_230kVtoGopalganjNorth_230kV_Line2,BarishalNorth_230kV,GopalganjNorth_230kV,,10.679378,3.046695,0.0,0.0008625,656.517,0.0,False,0.0,inf,,1.0,0.0,,,0.0,True,0,inf,75.0,,1.0,1.0,-inf,inf,,0.0,0.0,0.0,0.0,0.0,0.0,0.0
GopalganjNorth_230kVtoFaridpur_230kV_Line1,GopalganjNorth_230kV,Faridpur_230kV,,6.977193,1.990507,0.0,0.0005635,656.517,0.0,False,0.0,inf,,1.0,0.0,,,0.0,True,0,inf,49.0,,1.0,1.0,-inf,inf,,0.0,0.0,0.0,0.0,0.0,0.0,0.0
GopalganjNorth_230kVtoFaridpur_230kV_Line2,GopalganjNorth_230kV,Faridpur_230kV,,6.977193,1.990507,0.0,0.0005635,656.517,0.0,False,0.0,inf,,1.0,0.0,,,0.0,True,0,inf,49.0,,1.0,1.0,-inf,inf,,0.0,0.0,0.0,0.0,0.0,0.0,0.0
Madunaght_230kVtoSikalbaha_230kV_Line1,Madunaght_230kV,Sikalbaha_230kV,,1.308987,0.237642,0.0,0.0003042,1313.033,0.0,False,0.0,inf,,1.0,0.0,,,0.0,True,0,inf,11.7,,1.0,1.0,-inf,inf,,0.0,0.0,0.0,0.0,0.0,0.0,0.0
Madunaght_230kVtoSikalbaha_230kV_Line2,Madunaght_230kV,Sikalbaha_230kV,,1.308987,0.237642,0.0,0.0003042,1313.033,0.0,False,0.0,inf,,1.0,0.0,,,0.0,True,0,inf,11.7,,1.0,1.0,-inf,inf,,0.0,0.0,0.0,0.0,0.0,0.0,0.0
Madunaght_230kVtoMadunaght_230kV_Line1,Madunaght_230kV,Madunaght_230kV,,0.996742,0.284358,0.0,8.05e-05,656.517,0.0,False,0.0,inf,,1.0,0.0,,,0.0,True,0,inf,7.0,,1.0,1.0,-inf,inf,,0.0,0.0,0.0,0.0,0.0,0.0,0.0
Madunaght_230kVtoMadunaght_230kV_Line2,Madunaght_230kV,Madunaght_230kV,,0.996742,0.284358,0.0,8.05e-05,656.517,0.0,False,0.0,inf,,1.0,0.0,,,0.0,True,0,inf,7.0,,1.0,1.0,-inf,inf,,0.0,0.0,0.0,0.0,0.0,0.0,0.0
RNPP_230kVtoBaghabari_230kV_Line1,RNPP_230kV,Baghabari_230kV,,9.326656,2.66078,0.0,0.00075325,656.517,0.0,False,0.0,inf,,1.0,0.0,,,0.0,True,0,inf,65.5,,1.0,1.0,-inf,inf,,0.0,0.0,0.0,0.0,0.0,0.0,0.0
RNPP_230kVtoBaghabari_230kV_Line2,RNPP_230kV,Baghabari_230kV,,9.326656,2.66078,0.0,0.00075325,656.517,0.0,False,0.0,inf,,1.0,0.0,,,0.0,True,0,inf,65.5,,1.0,1.0,-inf,inf,,0.0,0.0,0.0,0.0,0.0,0.0,0.0
Khulna330MW_230kVtoKhulnaSouth_230kV_Line1,Khulna330MW_230kV,KhulnaSouth_230kV,,1.993484,0.568716,0.0,0.000161,656.517,0.0,False,0.0,inf,,1.0,0.0,,,0.0,True,0,inf,14.0,,1.0,1.0,-inf,inf,,0.0,0.0,0.0,0.0,0.0,0.0,0.0
Sonagazi_230kVtoMirsarai_230kV_Line1,Sonagazi_230kV,Mirsarai_230kV,,1.89381,0.540281,0.0,0.00015295,656.517,0.0,False,0.0,inf,,1.0,0.0,,,0.0,True,0,inf,13.3,,1.0,1.0,-inf,inf,,0.0,0.0,0.0,0.0,0.0,0.0,0.0
Korerhat_230kVtoChowmuhani_230kV_Line1,Korerhat_230kV,Chowmuhani_230kV,,7.689152,2.19362,0.0,0.000621,656.517,0.0,False,0.0,inf,,1.0,0.0,,,0.0,True,0,inf,54.0,,1.0,1.0,-inf,inf,,0.0,0.0,0.0,0.0,0.0,0.0,0.0
Korerhat_230kVtoChowmuhani_230kV_Line2,Korerhat_230kV,Chowmuhani_230kV,,7.689152,2.19362,0.0,0.000621,656.517,0.0,False,0.0,inf,,1.0,0.0,,,0.0,True,0,inf,54.0,,1.0,1.0,-inf,inf,,0.0,0.0,0.0,0.0,0.0,0.0,0.0
Korerhat_230kVtoChowmuhani_230kV_Line3,Korerhat_230kV,Chowmuhani_230kV,,7.689152,2.19362,0.0,0.000621,656.517,0.0,False,0.0,inf,,1.0,0.0,,,0.0,True,0,inf,54.0,,1.0,1.0,-inf,inf,,0.0,0.0,0.0,0.0,0.0,0.0,0.0
Korerhat_230kVtoChowmuhani_230kV_Line4,Korerhat_230kV,Chowmuhani_230kV,,7.689152,2.19362,0.0,0.000621,656.517,0.0,False,0.0,inf,,1.0,0.0,,,0.0,True,0,inf,54.0,,1.0,1.0,-inf,inf,,0.0,0.0,0.0,0.0,0.0,0.0,0.0
Chowmuhani_230kVtoKachua_230kV_Line1,Chowmuhani_230kV,Kachua_230kV,,7.190781,2.051441,0.0,0.00058075,656.517,0.0,False,0.0,inf,,1.0,0.0,,,0.0,True,0,inf,50.5,,1.0,1.0,-inf,inf,,0.0,0.0,0.0,0.0,0.0,0.0,0.0
Chowmuhani_230kVtoKachua_230kV_Line2,Chowmuhani_230kV,Kachua_230kV,,7.190781,2.051441,0.0,0.00058075,656.517,0.0,False,0.0,inf,,1.0,0.0,,,0.0,True,0,inf,50.5,,1.0,1.0,-inf,inf,,0.0,0.0,0.0,0.0,0.0,0.0,0.0
Chowmuhani_230kVtoKachua_230kV_Line3,Chowmuhani_230kV,Kachua_230kV,,7.190781,2.051441,0.0,0.00058075,656.517,0.0,False,0.0,inf,,1.0,0.0,,,0.0,True,0,inf,50.5,,1.0,1.0,-inf,inf,,0.0,0.0,0.0,0.0,0.0,0.0,0.0
Chowmuhani_230kVtoKachua_230kV_Line4,Chowmuhani_230kV,Kachua_230kV,,7.190781,2.051441,0.0,0.00058075,656.517,0.0,False,0.0,inf,,1.0,0.0,,,0.0,True,0,inf,50.5,,1.0,1.0,-inf,inf,,0.0,0.0,0.0,0.0,0.0,0.0,0.0
Chowmuhani_230kVtoMaijdee_230kV_Line1,Chowmuhani_230kV,Maijdee_230kV,,2.91903,0.832763,0.0,0.00023575,656.517,0.0,False,0.0,inf,,1.0,0.0,,,0.0,True,0,inf,20.5,,1.0,1.0,-inf,inf,,0.0,0.0,0.0,0.0,0.0,0.0,0.0
Chowmuhani_230kVtoMaijdee_230kV_Line2,Chowmuhani_230kV,Maijdee_230kV,,2.91903,0.832763,0.0,0.00023575,656.517,0.0,False,0.0,inf,,1.0,0.0,,,0.0,True,0,inf,20.5,,1.0,1.0,-inf,inf,,0.0,0.0,0.0,0.0,0.0,0.0,0.0
Barapukuria_230kVtoPurbasadipur_230kV_Line1,Barapukuria_230kV,Purbasadipur_230kV,,5.510559,1.572095,0.0,0.00044505,656.517,0.0,False,0.0,inf,,1.0,0.0,,,0.0,True,0,inf,38.7,,1.0,1.0,-inf,inf,,0.0,0.0,0.0,0.0,0.0,0.0,0.0
Barapukuria_230kVtoPurbasadipur_230kV_Line2,Barapukuria_230kV,Purbasadipur_230kV,,5.510559,1.572095,0.0,0.00044505,656.517,0.0,False,0.0,inf,,1.0,0.0,,,0.0,True,0,inf,38.7,,1.0,1.0,-inf,inf,,0.0,0.0,0.0,0.0,0.0,0.0,0.0
Kachua_230kVtoGazaria_230kV_Line1,Kachua_230kV,Gazaria_230kV,,6.977193,1.990507,0.0,0.0005635,656.517,0.0,False,0.0,inf,,1.0,0.0,,,0.0,True,0,inf,49.0,,1.0,1.0,-inf,inf,,0.0,0.0,0.0,0.0,0.0,0.0,0.0
Kachua_230kVtoGazaria_230kV_Line2,Kachua_230kV,Gazaria_230kV,,6.977193,1.990507,0.0,0.0005635,656.517,0.0,False,0.0,inf,,1.0,0.0,,,0.0,True,0,inf,49.0,,1.0,1.0,-inf,inf,,0.0,0.0,0.0,0.0,0.0,0.0,0.0
Kachua_230kVtoGazaria_230kV_Line3,Kachua_230kV,Gazaria_230kV,,6.977193,1.990507,0.0,0.0005635,656.517,0.0,False,0.0,inf,,1.0,0.0,,,0.0,True,0,inf,49.0,,1.0,1.0,-inf,inf,,0.0,0.0,0.0,0.0,0.0,0.0,0.0
Kachua_230kVtoGazaria_230kV_Line4,Kachua_230kV,Gazaria_230kV,,6.977193,1.990507,0.0,0.0005635,656.517,0.0,False,0.0,inf,,1.0,0.0,,,0.0,True,0,inf,49.0,,1.0,1.0,-inf,inf,,0.0,0.0,0.0,0.0,0.0,0.0,0.0
GhorashalSouthWest_230kVtoGhorashal_230kV_Line1,GhorashalSouthWest_230kV,Ghorashal_230kV,,0.072072,0.02024,0.0,2.2e-06,1195.115,0.0,False,0.0,inf,,1.0,0.0,,,0.0,True,0,inf,1.1,,1.0,1.0,-inf,inf,,0.0,0.0,0.0,0.0,0.0,0.0,0.0
GhorashalSouthWest_230kVtoGhorashal_230kV_Line2,GhorashalSouthWest_230kV,Ghorashal_230kV,,0.072072,0.02024,0.0,2.2e-06,1195.115,0.0,False,0.0,inf,,1.0,0.0,,,0.0,True,0,inf,1.1,,1.0,1.0,-inf,inf,,0.0,0.0,0.0,0.0,0.0,0.0,0.0
GhorashalSouthWest_230kVtoGhorashal_230kV_Line3,GhorashalSouthWest_230kV,Ghorashal_230kV,,0.072072,0.02024,0.0,2.2e-06,1195.115,0.0,False,0.0,inf,,1.0,0.0,,,0.0,True,0,inf,1.1,,1.0,1.0,-inf,inf,,0.0,0.0,0.0,0.0,0.0,0.0,0.0
Shahjibazar_132kVtoBrahmanbaria_132kV_Line1,Shahjibazar_132kV,Brahmanbaria_132kV,,12.15525,5.773644,0.0,0.00031236,162.785,0.0,False,0.0,inf,,1.0,0.0,,,0.0,True,0,inf,57.0,,1.0,1.0,-inf,inf,,0.0,0.0,0.0,0.0,0.0,0.0,0.0
Shahjibazar_132kVtoBrahmanbaria_132kV_Line2,Shahjibazar_132kV,Brahmanbaria_132kV,,12.15525,5.773644,0.0,0.00031236,162.785,0.0,False,0.0,inf,,1.0,0.0,,,0.0,True,0,inf,57.0,,1.0,1.0,-inf,inf,,0.0,0.0,0.0,0.0,0.0,0.0,0.0
Brahmanbaria_132kVtoAshuganj_132kV_Line1,Brahmanbaria_132kV,Ashuganj_132kV,,3.518625,1.671318,0.0,9.042e-05,162.785,0.0,False,0.0,inf,,1.0,0.0,,,0.0,True,0,inf,16.5,,1.0,1.0,-inf,inf,,0.0,0.0,0.0,0.0,0.0,0.0,0.0
Brahmanbaria_132kVtoAshuganj_132kV_Line2,Brahmanbaria_132kV,Ashuganj_132kV,,3.518625,1.671318,0.0,9.042e-05,162.785,0.0,False,0.0,inf,,1.0,0.0,,,0.0,True,0,inf,16.5,,1.0,1.0,-inf,inf,,0.0,0.0,0.0,0.0,0.0,0.0,0.0
Ashuganj_132kVtoGhorashal_132kV_Line1,Ashuganj_132kV,Ghorashal_132kV,,9.702875,4.608786,0.0,0.00024934,162.785,0.0,False,0.0,inf,,1.0,0.0,,,0.0,True,0,inf,45.5,,1.0,1.0,-inf,inf,,0.0,0.0,0.0,0.0,0.0,0.0,0.0
Ashuganj_132kVtoGhorashal_132kV_Line2,Ashuganj_132kV,Ghorashal_132kV,,9.702875,4.608786,0.0,0.00024934,162.785,0.0,False,0.0,inf,,1.0,0.0,,,0.0,True,0,inf,45.5,,1.0,1.0,-inf,inf,,0.0,0.0,0.0,0.0,0.0,0.0,0.0
Ghorashal_132kVtoNarsingdi_132kV_Line1,Ghorashal_132kV,Narsingdi_132kV,,2.878875,1.367442,0.0,7.398e-05,162.785,0.0,False,0.0,inf,,1.0,0.0,,,0.0,True,0,inf,13.5,,1.0,1.0,-inf,inf,,0.0,0.0,0.0,0.0,0.0,0.0,0.0
Ghorashal_132kVtoNarsingdi_132kV_Line2,Ghorashal_132kV,Narsingdi_132kV,,2.878875,1.367442,0.0,7.398e-05,162.785,0.0,False,0.0,inf,,1.0,0.0,,,0.0,True,0,inf,13.5,,1.0,1.0,-inf,inf,,0.0,0.0,0.0,0.0,0.0,0.0,0.0
Narsingdi_132kVtoHaripur_132kV_Line1,Narsingdi_132kV,Haripur_132kV,,7.2505,3.443928,0.0,0.00018632,162.785,0.0,False,0.0,inf,,1.0,0.0,,,0.0,True,0,inf,34.0,,1.0,1.0,-inf,inf,,0.0,0.0,0.0,0.0,0.0,0.0,0.0
Narsingdi_132kVtoBhulta_132kV_Line1,Narsingdi_132kV,Bhulta_132kV,,3.412,1.620672,0.0,8.768e-05,162.785,0.0,False,0.0,inf,,1.0,0.0,,,0.0,True,0,inf,16.0,,1.0,1.0,-inf,inf,,0.0,0.0,0.0,0.0,0.0,0.0,0.0
Narsingdi_132kVtoBhulta_132kV_Line2,Narsingdi_132kV,Bhulta_132kV,,3.412,1.620672,0.0,8.768e-05,162.785,0.0,False,0.0,inf,,1.0,0.0,,,0.0,True,0,inf,16.0,,1.0,1.0,-inf,inf,,0.0,0.0,0.0,0.0,0.0,0.0,0.0
Shahjibazar_132kVtoSrimangal_132kV_Line1,Shahjibazar_132kV,Srimangal_132kV,,7.677,3.646512,0.0,0.00019728,162.785,0.0,False,0.0,inf,,1.0,0.0,,,0.0,True,0,inf,36.0,,1.0,1.0,-inf,inf,,0.0,0.0,0.0,0.0,0.0,0.0,0.0
Shahjibazar_132kVtoSrimangal_132kV_Line2,Shahjibazar_132kV,Srimangal_132kV,,7.677,3.646512,0.0,0.00019728,162.785,0.0,False,0.0,inf,,1.0,0.0,,,0.0,True,0,inf,36.0,,1.0,1.0,-inf,inf,,0.0,0.0,0.0,0.0,0.0,0.0,0.0
Srimangal_132kVtoFenchuganj_132kV_Line1,Srimangal_132kV,Fenchuganj_132kV,,10.44925,4.963308,0.0,0.00026852,162.785,0.0,False,0.0,inf,,1.0,0.0,,,0.0,True,0,inf,49.0,,1.0,1.0,-inf,inf,,0.0,0.0,0.0,0.0,0.0,0.0,0.0
Srimangal_132kVtoFenchuganj_132kV_Line2,Srimangal_132kV,Fenchuganj_132kV,,10.44925,4.963308,0.0,0.00026852,162.785,0.0,False,0.0,inf,,1.0,0.0,,,0.0,True,0,inf,49.0,,1.0,1.0,-inf,inf,,0.0,0.0,0.0,0.0,0.0,0.0,0.0
FenchuganjPS_132kVtoFenchuganj_132kV_Line1,FenchuganjPS_132kV,Fenchuganj_132kV,,0.799687,0.379845,0.0,2.055e-05,162.785,0.0,False,0.0,inf,,1.0,0.0,,,0.0,True,0,inf,3.75,,1.0,1.0,-inf,inf,,0.0,0.0,0.0,0.0,0.0,0.0,0.0
FenchuganjPS_132kVtoFenchuganj_132kV_Line2,FenchuganjPS_132kV,Fenchuganj_132kV,,0.799687,0.379845,0.0,2.055e-05,162.785,0.0,False,0.0,inf,,1.0,0.0,,,0.0,True,0,inf,3.75,,1.0,1.0,-inf,inf,,0.0,0.0,0.0,0.0,0.0,0.0,0.0
FenchuganjPS_132kVtoFenchuganj_132kV_Line3,FenchuganjPS_132kV,Fenchuganj_132kV,,0.799687,0.379845,0.0,2.055e-05,162.785,0.0,False,0.0,inf,,1.0,0.0,,,0.0,True,0,inf,3.75,,1.0,1.0,-inf,inf,,0.0,0.0,0.0,0.0,0.0,0.0,0.0
FenchuganjPS_132kVtoFenchuganj_132kV_Line4,FenchuganjPS_132kV,Fenchuganj_132kV,,0.799687,0.379845,0.0,2.055e-05,162.785,0.0,False,0.0,inf,,1.0,0.0,,,0.0,True,0,inf,3.75,,1.0,1.0,-inf,inf,,0.0,0.0,0.0,0.0,0.0,0.0,0.0
FenchuganjPS_132kVtoSylhetSouth_132kV_Line1,SylhetSouth_132kV,Fenchuganj_132kV,,1.06625,0.50646,0.0,2.74e-05,162.785,0.0,False,0.0,inf,,1.0,0.0,,,0.0,True,0,inf,5.0,,1.0,1.0,-inf,inf,,0.0,0.0,0.0,0.0,0.0,0.0,0.0
SylhetSouth_132kVtoFenchuganj_132kV_Line1,SylhetSouth_132kV,Fenchuganj_132kV,,5.33125,2.5323,0.0,0.000137,162.785,0.0,False,0.0,inf,,1.0,0.0,,,0.0,True,0,inf,25.0,,1.0,1.0,-inf,inf,,0.0,0.0,0.0,0.0,0.0,0.0,0.0
Sylhet_132kVtoSylhetSouth_132kV_Line1,Sylhet_132kV,SylhetSouth_132kV,,1.06625,0.50646,0.0,2.74e-05,162.785,0.0,False,0.0,inf,,1.0,0.0,,,0.0,True,0,inf,5.0,,1.0,1.0,-inf,inf,,0.0,0.0,0.0,0.0,0.0,0.0,0.0
Sylhet_132kVtoSylhetSouth_132kV_Line2,Sylhet_132kV,SylhetSouth_132kV,,1.06625,0.50646,0.0,2.74e-05,162.785,0.0,False,0.0,inf,,1.0,0.0,,,0.0,True,0,inf,5.0,,1.0,1.0,-inf,inf,,0.0,0.0,0.0,0.0,0.0,0.0,0.0
Sylhet_132kVtoChhatak_132kV_Line1,Sylhet_132kV,Chhatak_132kV,,7.03725,3.342636,0.0,0.00018084,162.785,0.0,False,0.0,inf,,1.0,0.0,,,0.0,True,0,inf,33.0,,1.0,1.0,-inf,inf,,0.0,0.0,0.0,0.0,0.0,0.0,0.0
Sylhet_132kVtoChhatak_132kV_Line2,Sylhet_132kV,Chhatak_132kV,,7.03725,3.342636,0.0,0.00018084,162.785,0.0,False,0.0,inf,,1.0,0.0,,,0.0,True,0,inf,33.0,,1.0,1.0,-inf,inf,,0.0,0.0,0.0,0.0,0.0,0.0,0.0
Kaptai_132kVtoHathazari_132kV_Line1,Kaptai_132kV,Hathazari_132kV,,9.59625,4.55814,0.0,0.0002466,162.785,0.0,False,0.0,inf,,1.0,0.0,,,0.0,True,0,inf,45.0,,1.0,1.0,-inf,inf,,0.0,0.0,0.0,0.0,0.0,0.0,0.0
Kaptai_132kVtoHathazari_132kV_Line2,Kaptai_132kV,Hathazari_132kV,,9.59625,4.55814,0.0,0.0002466,162.785,0.0,False,0.0,inf,,1.0,0.0,,,0.0,True,0,inf,45.0,,1.0,1.0,-inf,inf,,0.0,0.0,0.0,0.0,0.0,0.0,0.0
Hathazari_132kVtoBaroirhat_132kV_Line1,Hathazari_132kV,Baroirhat_132kV,,13.541375,6.432042,0.0,0.00034798,162.785,0.0,False,0.0,inf,,1.0,0.0,,,0.0,True,0,inf,63.5,,1.0,1.0,-inf,inf,,0.0,0.0,0.0,0.0,0.0,0.0,0.0
Hathazari_132kVtoBaroirhat_132kV_Line2,Hathazari_132kV,Baroirhat_132kV,,13.541375,6.432042,0.0,0.00034798,162.785,0.0,False,0.0,inf,,1.0,0.0,,,0.0,True,0,inf,63.5,,1.0,1.0,-inf,inf,,0.0,0.0,0.0,0.0,0.0,0.0,0.0
Feni_132kVtoCumillaNorth_132kV_Line1,Feni_132kV,CumillaNorth_132kV,,14.0745,6.685272,0.0,0.00036168,162.785,0.0,False,0.0,inf,,1.0,0.0,,,0.0,True,0,inf,66.0,,1.0,1.0,-inf,inf,,0.0,0.0,0.0,0.0,0.0,0.0,0.0
Feni_132kVtoCumillaNorth_132kV_Line2,Feni_132kV,CumillaNorth_132kV,,14.0745,6.685272,0.0,0.00036168,162.785,0.0,False,0.0,inf,,1.0,0.0,,,0.0,True,0,inf,66.0,,1.0,1.0,-inf,inf,,0.0,0.0,0.0,0.0,0.0,0.0,0.0
CumillaNorth_132kVtoMuradnagar_132kV_Line1,CumillaNorth_132kV,Muradnagar_132kV,,6.18425,2.937468,0.0,0.00015892,162.785,0.0,False,0.0,inf,,1.0,0.0,,,0.0,True,0,inf,29.0,,1.0,1.0,-inf,inf,,0.0,0.0,0.0,0.0,0.0,0.0,0.0
CumillaNorth_132kVtoMuradnagar_132kV_Line2,CumillaNorth_132kV,Muradnagar_132kV,,6.18425,2.937468,0.0,0.00015892,162.785,0.0,False,0.0,inf,,1.0,0.0,,,0.0,True,0,inf,29.0,,1.0,1.0,-inf,inf,,0.0,0.0,0.0,0.0,0.0,0.0,0.0
Muradnagar_132kVtoDaudkandi_132kV_Line1,Muradnagar_132kV,Daudkandi_132kV,,5.5445,2.633592,0.0,0.00014248,162.785,0.0,False,0.0,inf,,1.0,0.0,,,0.0,True,0,inf,26.0,,1.0,1.0,-inf,inf,,0.0,0.0,0.0,0.0,0.0,0.0,0.0
Muradnagar_132kVtoDaudkandi_132kV_Line2,Muradnagar_132kV,Daudkandi_132kV,,5.5445,2.633592,0.0,0.00014248,162.785,0.0,False,0.0,inf,,1.0,0.0,,,0.0,True,0,inf,26.0,,1.0,1.0,-inf,inf,,0.0,0.0,0.0,0.0,0.0,0.0,0.0
Daudkandi_132kVtoSonargaon_132kV_Line1,Daudkandi_132kV,Sonargaon_132kV,,13.114875,6.229458,0.0,0.00033702,162.785,0.0,False,0.0,inf,,1.0,0.0,,,0.0,True,0,inf,61.5,,1.0,1.0,-inf,inf,,0.0,0.0,0.0,0.0,0.0,0.0,0.0
Daudkandi_132kVtoSonargaon_132kV_Line2,Daudkandi_132kV,Sonargaon_132kV,,13.114875,6.229458,0.0,0.00033702,162.785,0.0,False,0.0,inf,,1.0,0.0,,,0.0,True,0,inf,61.5,,1.0,1.0,-inf,inf,,0.0,0.0,0.0,0.0,0.0,0.0,0.0
Sonargaon_132kVtoHaripur_132kV_Line1,Sonargaon_132kV,Haripur_132kV,,3.19875,1.51938,0.0,8.22e-05,162.785,0.0,False,0.0,inf,,1.0,0.0,,,0.0,True,0,inf,15.0,,1.0,1.0,-inf,inf,,0.0,0.0,0.0,0.0,0.0,0.0,0.0
Sonargaon_132kVtoHaripur_132kV_Line2,Sonargaon_132kV,Haripur_132kV,,3.19875,1.51938,0.0,8.22e-05,162.785,0.0,False,0.0,inf,,1.0,0.0,,,0.0,True,0,inf,15.0,,1.0,1.0,-inf,inf,,0.0,0.0,0.0,0.0,0.0,0.0,0.0
Haripur_132kVtoSiddhirganj_132kV_Line1,Haripur_132kV,Siddhirganj_132kV,,0.533125,0.25323,0.0,1.37e-05,162.785,0.0,False,0.0,inf,,1.0,0.0,,,0.0,True,0,inf,2.5,,1.0,1.0,-inf,inf,,0.0,0.0,0.0,0.0,0.0,0.0,0.0
Haripur_132kVtoSiddhirganj_132kV_Line2,Haripur_132kV,Siddhirganj_132kV,,0.533125,0.25323,0.0,1.37e-05,162.785,0.0,False,0.0,inf,,1.0,0.0,,,0.0,True,0,inf,2.5,,1.0,1.0,-inf,inf,,0.0,0.0,0.0,0.0,0.0,0.0,0.0
CumillaNorth_132kVtoChandpur_132kV_Line1,CumillaNorth_132kV,Chandpur_132kV,,16.6335,7.900776,0.0,0.00042744,162.785,0.0,False,0.0,inf,,1.0,0.0,,,0.0,True,0,inf,78.0,,1.0,1.0,-inf,inf,,0.0,0.0,0.0,0.0,0.0,0.0,0.0
CumillaNorth_132kVtoCumillaSouth_132kV_Line1,CumillaNorth_132kV,CumillaSouth_132kV,,3.412,1.620672,0.0,8.768e-05,162.785,0.0,False,0.0,inf,,1.0,0.0,,,0.0,True,0,inf,16.0,,1.0,1.0,-inf,inf,,0.0,0.0,0.0,0.0,0.0,0.0,0.0
CumillaSouth_132kVtoChandpur_132kV_Line1,CumillaSouth_132kV,Chandpur_132kV,,14.4615,11.841504,0.0,0.00030876,109.285,0.0,False,0.0,inf,,1.0,0.0,,,0.0,True,0,inf,62.0,,1.0,1.0,-inf,inf,,0.0,0.0,0.0,0.0,0.0,0.0,0.0
Ashuganj_132kVtoBajitpur_132kV_Line1,Ashuganj_132kV,Bajitpur_132kV,,4.47825,2.127132,0.0,0.00011508,162.785,0.0,False,0.0,inf,,1.0,0.0,,,0.0,True,0,inf,21.0,,1.0,1.0,-inf,inf,,0.0,0.0,0.0,0.0,0.0,0.0,0.0
Ashuganj_132kVtoBajitpur_132kV_Line2,Ashuganj_132kV,Bajitpur_132kV,,4.47825,2.127132,0.0,0.00011508,162.785,0.0,False,0.0,inf,,1.0,0.0,,,0.0,True,0,inf,21.0,,1.0,1.0,-inf,inf,,0.0,0.0,0.0,0.0,0.0,0.0,0.0
Bajitpur_132kVtoKishoreganj_132kV_Line1,Bajitpur_132kV,Kishoreganj_132kV,,6.61075,3.140052,0.0,0.00016988,162.785,0.0,False,0.0,inf,,1.0,0.0,,,0.0,True,0,inf,31.0,,1.0,1.0,-inf,inf,,0.0,0.0,0.0,0.0,0.0,0.0,0.0
Bajitpur_132kVtoKishoreganj_132kV_Line2,Bajitpur_132kV,Kishoreganj_132kV,,6.61075,3.140052,0.0,0.00016988,162.785,0.0,False,0.0,inf,,1.0,0.0,,,0.0,True,0,inf,31.0,,1.0,1.0,-inf,inf,,0.0,0.0,0.0,0.0,0.0,0.0,0.0
Kishoreganj_132kVtoMymensingh_132kV_Line1,Kishoreganj_132kV,Mymensingh_132kV,,12.58175,5.976228,0.0,0.00032332,162.785,0.0,False,0.0,inf,,1.0,0.0,,,0.0,True,0,inf,59.0,,1.0,1.0,-inf,inf,,0.0,0.0,0.0,0.0,0.0,0.0,0.0
Kishoreganj_132kVtoMymensingh_132kV_Line2,Kishoreganj_132kV,Mymensingh_132kV,,12.58175,5.976228,0.0,0.00032332,162.785,0.0,False,0.0,inf,,1.0,0.0,,,0.0,True,0,inf,59.0,,1.0,1.0,-inf,inf,,0.0,0.0,0.0,0.0,0.0,0.0,0.0
Mymensingh_132kVtoJamalpur_132kV_Line1,Mymensingh_132kV,Jamalpur_132kV,,11.72875,5.57106,0.0,0.0003014,162.785,0.0,False,0.0,inf,,1.0,0.0,,,0.0,True,0,inf,55.0,,1.0,1.0,-inf,inf,,0.0,0.0,0.0,0.0,0.0,0.0,0.0
Mymensingh_132kVtoJamalpur_132kV_Line2,Mymensingh_132kV,Jamalpur_132kV,,11.72875,5.57106,0.0,0.0003014,162.785,0.0,False,0.0,inf,,1.0,0.0,,,0.0,True,0,inf,55.0,,1.0,1.0,-inf,inf,,0.0,0.0,0.0,0.0,0.0,0.0,0.0
Madunaghat_132kVtoSikalbaha_132kV_Line1,Madunaghat_132kV,Sikalbaha_132kV,,3.62525,1.721964,0.0,9.316e-05,162.785,0.0,False,0.0,inf,,1.0,0.0,,,0.0,True,0,inf,17.0,,1.0,1.0,-inf,inf,,0.0,0.0,0.0,0.0,0.0,0.0,0.0
Madunaghat_132kVtoTKCCL_132kV_Line1,Madunaghat_132kV,TKCCL_132kV,,1.91925,0.911628,0.0,4.932e-05,162.785,0.0,False,0.0,inf,,1.0,0.0,,,0.0,True,0,inf,9.0,,1.0,1.0,-inf,inf,,0.0,0.0,0.0,0.0,0.0,0.0,0.0
TKCCL_132kVtoSikalbaha_132kV_Line1,TKCCL_132kV,Sikalbaha_132kV,,1.91925,0.911628,0.0,4.932e-05,162.785,0.0,False,0.0,inf,,1.0,0.0,,,0.0,True,0,inf,9.0,,1.0,1.0,-inf,inf,,0.0,0.0,0.0,0.0,0.0,0.0,0.0
Sikalbaha_132kVtoPatiya_132kV_Line1,Sikalbaha_132kV,Patiya_132kV,,2.34575,1.114212,0.0,6.028e-05,162.785,0.0,False,0.0,inf,,1.0,0.0,,,0.0,True,0,inf,11.0,,1.0,1.0,-inf,inf,,0.0,0.0,0.0,0.0,0.0,0.0,0.0
Sikalbaha_132kVtoPatiya_132kV_Line2,Sikalbaha_132kV,Patiya_132kV,,2.34575,1.114212,0.0,6.028e-05,162.785,0.0,False,0.0,inf,,1.0,0.0,,,0.0,True,0,inf,11.0,,1.0,1.0,-inf,inf,,0.0,0.0,0.0,0.0,0.0,0.0,0.0
Patiya_132kVtoDohazari_132kV_Line1,Patiya_132kV,Dohazari_132kV,,4.47825,2.127132,0.0,0.00011508,162.785,0.0,False,0.0,inf,,1.0,0.0,,,0.0,True,0,inf,21.0,,1.0,1.0,-inf,inf,,0.0,0.0,0.0,0.0,0.0,0.0,0.0
Patiya_132kVtoDohazari_132kV_Line2,Patiya_132kV,Dohazari_132kV,,4.47825,2.127132,0.0,0.00011508,162.785,0.0,False,0.0,inf,,1.0,0.0,,,0.0,True,0,inf,21.0,,1.0,1.0,-inf,inf,,0.0,0.0,0.0,0.0,0.0,0.0,0.0
Sikalbaha_132kVtoJuldah_132kV_Line1,Sikalbaha_132kV,Juldah_132kV,,1.485334,0.335395,0.0,5.088e-05,283.731,0.0,False,0.0,inf,,1.0,0.0,,,0.0,True,0,inf,8.0,,1.0,1.0,-inf,inf,,0.0,0.0,0.0,0.0,0.0,0.0,0.0
Juldah_132kVtoHalishahar_132kV_Line1,Juldah_132kV,Halishahar_132kV,,1.485334,0.335395,0.0,5.088e-05,283.731,0.0,False,0.0,inf,,1.0,0.0,,,0.0,True,0,inf,8.0,,1.0,1.0,-inf,inf,,0.0,0.0,0.0,0.0,0.0,0.0,0.0
Khulshi_132kVtoBaroaulia_132kV_Line1,Khulshi_132kV,Baroaulia_132kV,,3.19875,1.51938,0.0,8.22e-05,162.785,0.0,False,0.0,inf,,1.0,0.0,,,0.0,True,0,inf,15.0,,1.0,1.0,-inf,inf,,0.0,0.0,0.0,0.0,0.0,0.0,0.0
Khulshi_132kVtoAKSML_132kV_Line1,Khulshi_132kV,AKSML_132kV,,2.34575,1.114212,0.0,6.028e-05,162.785,0.0,False,0.0,inf,,1.0,0.0,,,0.0,True,0,inf,11.0,,1.0,1.0,-inf,inf,,0.0,0.0,0.0,0.0,0.0,0.0,0.0
AKSML_132kVtoBaroaulia_132kV_Line1,AKSML_132kV,Baroaulia_132kV,,0.853,0.405168,0.0,2.192e-05,162.785,0.0,False,0.0,inf,,1.0,0.0,,,0.0,True,0,inf,4.0,,1.0,1.0,-inf,inf,,0.0,0.0,0.0,0.0,0.0,0.0,0.0
Madunaghat_132kVtoSholoshahar_132kV_Line1,Madunaghat_132kV,Sholoshahar_132kV,,1.386125,0.658398,0.0,3.562e-05,162.785,0.0,False,0.0,inf,,1.0,0.0,,,0.0,True,0,inf,6.5,,1.0,1.0,-inf,inf,,0.0,0.0,0.0,0.0,0.0,0.0,0.0
Madunaghat_132kVtoSholoshahar_132kV_Line2,Madunaghat_132kV,Sholoshahar_132kV,,1.386125,0.658398,0.0,3.562e-05,162.785,0.0,False,0.0,inf,,1.0,0.0,,,0.0,True,0,inf,6.5,,1.0,1.0,-inf,inf,,0.0,0.0,0.0,0.0,0.0,0.0,0.0
Sholoshahar_132kVtoKhulshi_132kV_Line1,Sholoshahar_132kV,Khulshi_132kV,,1.386125,0.658398,0.0,3.562e-05,162.785,0.0,False,0.0,inf,,1.0,0.0,,,0.0,True,0,inf,6.5,,1.0,1.0,-inf,inf,,0.0,0.0,0.0,0.0,0.0,0.0,0.0
Sholoshahar_132kVtoKhulshi_132kV_Line2,Sholoshahar_132kV,Khulshi_132kV,,1.386125,0.658398,0.0,3.562e-05,162.785,0.0,False,0.0,inf,,1.0,0.0,,,0.0,True,0,inf,6.5,,1.0,1.0,-inf,inf,,0.0,0.0,0.0,0.0,0.0,0.0,0.0
Kaptai_132kVtoChandraghona_132kV_Line1,Kaptai_132kV,Chandraghona_132kV,,2.452375,1.164858,0.0,6.302e-05,162.785,0.0,False,0.0,inf,,1.0,0.0,,,0.0,True,0,inf,11.5,,1.0,1.0,-inf,inf,,0.0,0.0,0.0,0.0,0.0,0.0,0.0
Kaptai_132kVtoChandraghona_132kV_Line2,Kaptai_132kV,Chandraghona_132kV,,2.452375,1.164858,0.0,6.302e-05,162.785,0.0,False,0.0,inf,,1.0,0.0,,,0.0,True,0,inf,11.5,,1.0,1.0,-inf,inf,,0.0,0.0,0.0,0.0,0.0,0.0,0.0
Chandraghona_132kVtoMadunaghat_132kV_Line1,Chandraghona_132kV,Madunaghat_132kV,,5.75775,2.734884,0.0,0.00014796,162.785,0.0,False,0.0,inf,,1.0,0.0,,,0.0,True,0,inf,27.0,,1.0,1.0,-inf,inf,,0.0,0.0,0.0,0.0,0.0,0.0,0.0
Chandraghona_132kVtoMadunaghat_132kV_Line2,Chandraghona_132kV,Madunaghat_132kV,,5.75775,2.734884,0.0,0.00014796,162.785,0.0,False,0.0,inf,,1.0,0.0,,,0.0,True,0,inf,27.0,,1.0,1.0,-inf,inf,,0.0,0.0,0.0,0.0,0.0,0.0,0.0
Madunaghat_132kVtoHathazari_132kV_Line1,Madunaghat_132kV,Hathazari_132kV,,2.1325,1.01292,0.0,5.48e-05,162.785,0.0,False,0.0,inf,,1.0,0.0,,,0.0,True,0,inf,10.0,,1.0,1.0,-inf,inf,,0.0,0.0,0.0,0.0,0.0,0.0,0.0
Madunaghat_132kVtoHathazari_132kV_Line2,Madunaghat_132kV,Hathazari_132kV,,2.1325,1.01292,0.0,5.48e-05,162.785,0.0,False,0.0,inf,,1.0,0.0,,,0.0,True,0,inf,10.0,,1.0,1.0,-inf,inf,,0.0,0.0,0.0,0.0,0.0,0.0,0.0
Hathazari_132kVtoBaroaulia_132kV_Line1,Hathazari_132kV,Baroaulia_132kV,,2.34575,1.114212,0.0,6.028e-05,162.785,0.0,False,0.0,inf,,1.0,0.0,,,0.0,True,0,inf,11.0,,1.0,1.0,-inf,inf,,0.0,0.0,0.0,0.0,0.0,0.0,0.0
Hathazari_132kVtoBaroaulia_132kV_Line2,Hathazari_132kV,Baroaulia_132kV,,2.34575,1.114212,0.0,6.028e-05,162.785,0.0,False,0.0,inf,,1.0,0.0,,,0.0,True,0,inf,11.0,,1.0,1.0,-inf,inf,,0.0,0.0,0.0,0.0,0.0,0.0,0.0
Dohazari_132kVtoCox'sBazar_132kV_Line1,Dohazari_132kV,Cox'sBazar_132kV,,18.55275,8.812404,0.0,0.00047676,162.785,0.0,False,0.0,inf,,1.0,0.0,,,0.0,True,0,inf,87.0,,1.0,1.0,-inf,inf,,0.0,0.0,0.0,0.0,0.0,0.0,0.0
Dohazari_132kVtoCox'sBazar_132kV_Line2,Dohazari_132kV,Cox'sBazar_132kV,,18.55275,8.812404,0.0,0.00047676,162.785,0.0,False,0.0,inf,,1.0,0.0,,,0.0,True,0,inf,87.0,,1.0,1.0,-inf,inf,,0.0,0.0,0.0,0.0,0.0,0.0,0.0
Feni_132kVtoDaganbhuiyan_132kV_Line1,Feni_132kV,Daganbhuiyan_132kV,,3.412,1.620672,0.0,8.768e-05,162.785,0.0,False,0.0,inf,,1.0,0.0,,,0.0,True,0,inf,16.0,,1.0,1.0,-inf,inf,,0.0,0.0,0.0,0.0,0.0,0.0,0.0
Feni_132kVtoDaganbhuiyan_132kV_Line2,Feni_132kV,Daganbhuiyan_132kV,,3.412,1.620672,0.0,8.768e-05,162.785,0.0,False,0.0,inf,,1.0,0.0,,,0.0,True,0,inf,16.0,,1.0,1.0,-inf,inf,,0.0,0.0,0.0,0.0,0.0,0.0,0.0
Daganbhuiyan_132kVtoChowmuhani_132kV_Line1,Daganbhuiyan_132kV,Chowmuhani_132kV,,3.412,1.620672,0.0,8.768e-05,162.785,0.0,False,0.0,inf,,1.0,0.0,,,0.0,True,0,inf,16.0,,1.0,1.0,-inf,inf,,0.0,0.0,0.0,0.0,0.0,0.0,0.0
Daganbhuiyan_132kVtoChowmuhani_132kV_Line2,Daganbhuiyan_132kV,Chowmuhani_132kV,,3.412,1.620672,0.0,8.768e-05,162.785,0.0,False,0.0,inf,,1.0,0.0,,,0.0,True,0,inf,16.0,,1.0,1.0,-inf,inf,,0.0,0.0,0.0,0.0,0.0,0.0,0.0
Baroaulia_132kVtoKabir Steel_132kV_Line1,Baroaulia_132kV,Kabir Steel_132kV,,0.853,0.405168,0.0,2.192e-05,162.785,0.0,False,0.0,inf,,1.0,0.0,,,0.0,True,0,inf,4.0,,1.0,1.0,-inf,inf,,0.0,0.0,0.0,0.0,0.0,0.0,0.0
Mymensingh_132kVtoNetrokona_132kV_Line1,Mymensingh_132kV,Netrokona_132kV,,7.2505,3.443928,0.0,0.00018632,162.785,0.0,False,0.0,inf,,1.0,0.0,,,0.0,True,0,inf,34.0,,1.0,1.0,-inf,inf,,0.0,0.0,0.0,0.0,0.0,0.0,0.0
Mymensingh_132kVtoNetrokona_132kV_Line2,Mymensingh_132kV,Netrokona_132kV,,7.2505,3.443928,0.0,0.00018632,162.785,0.0,False,0.0,inf,,1.0,0.0,,,0.0,True,0,inf,34.0,,1.0,1.0,-inf,inf,,0.0,0.0,0.0,0.0,0.0,0.0,0.0
Goalpara_132kVtoKhulnaCentral_132kV_Line1,Goalpara_132kV,KhulnaCentral_132kV,,0.2785,0.062887,0.0,9.54e-06,283.731,0.0,False,0.0,inf,,1.0,0.0,,,0.0,True,0,inf,1.5,,1.0,1.0,-inf,inf,,0.0,0.0,0.0,0.0,0.0,0.0,0.0
Goalpara_132kVtoKhulnaCentral_132kV_Line2,Goalpara_132kV,KhulnaCentral_132kV,,0.2785,0.062887,0.0,9.54e-06,283.731,0.0,False,0.0,inf,,1.0,0.0,,,0.0,True,0,inf,1.5,,1.0,1.0,-inf,inf,,0.0,0.0,0.0,0.0,0.0,0.0,0.0
KhulnaCentral_132kVtoNoapara_132kV_Line1,KhulnaCentral_132kV,Noapara_132kV,,4.270334,0.964261,0.0,0.00014628,283.731,0.0,False,0.0,inf,,1.0,0.0,,,0.0,True,0,inf,23.0,,1.0,1.0,-inf,inf,,0.0,0.0,0.0,0.0,0.0,0.0,0.0
KhulnaCentral_132kVtoNoapara_132kV_Line2,KhulnaCentral_132kV,Noapara_132kV,,4.270334,0.964261,0.0,0.00014628,283.731,0.0,False,0.0,inf,,1.0,0.0,,,0.0,True,0,inf,23.0,,1.0,1.0,-inf,inf,,0.0,0.0,0.0,0.0,0.0,0.0,0.0
Noapara_132kVtoJashore_132kV_Line1,Noapara_132kV,Jashore_132kV,,5.198668,1.173883,0.0,0.00017808,283.731,0.0,False,0.0,inf,,1.0,0.0,,,0.0,True,0,inf,28.0,,1.0,1.0,-inf,inf,,0.0,0.0,0.0,0.0,0.0,0.0,0.0
Noapara_132kVtoJashore_132kV_Line2,Noapara_132kV,Jashore_132kV,,5.198668,1.173883,0.0,0.00017808,283.731,0.0,False,0.0,inf,,1.0,0.0,,,0.0,True,0,inf,28.0,,1.0,1.0,-inf,inf,,0.0,0.0,0.0,0.0,0.0,0.0,0.0
Jashore_132kVtoKaliganj_132kV_Line1,Jashore_132kV,Kaliganj_132kV,,5.941334,1.341581,0.0,0.00020352,283.731,0.0,False,0.0,inf,,1.0,0.0,,,0.0,True,0,inf,32.0,,1.0,1.0,-inf,inf,,0.0,0.0,0.0,0.0,0.0,0.0,0.0
Jashore_132kVtoKaliganj_132kV_Line2,Jashore_132kV,Kaliganj_132kV,,5.941334,1.341581,0.0,0.00020352,283.731,0.0,False,0.0,inf,,1.0,0.0,,,0.0,True,0,inf,32.0,,1.0,1.0,-inf,inf,,0.0,0.0,0.0,0.0,0.0,0.0,0.0
Kaliganj_132kVtoJhenaidahSouth_132kV_Line1,Kaliganj_132kV,JhenaidahSouth_132kV,,2.877834,0.649828,0.0,9.858e-05,283.731,0.0,False,0.0,inf,,1.0,0.0,,,0.0,True,0,inf,15.5,,1.0,1.0,-inf,inf,,0.0,0.0,0.0,0.0,0.0,0.0,0.0
Kaliganj_132kVtoJhenaidahSouth_132kV_Line2,Kaliganj_132kV,JhenaidahSouth_132kV,,2.877834,0.649828,0.0,9.858e-05,283.731,0.0,False,0.0,inf,,1.0,0.0,,,0.0,True,0,inf,15.5,,1.0,1.0,-inf,inf,,0.0,0.0,0.0,0.0,0.0,0.0,0.0
Jhenaidah_132kVtoKushtia_132kV_Line1,Jhenaidah_132kV,Kushtia_132kV,,7.983668,1.802749,0.0,0.00027348,283.731,0.0,False,0.0,inf,,1.0,0.0,,,0.0,True,0,inf,43.0,,1.0,1.0,-inf,inf,,0.0,0.0,0.0,0.0,0.0,0.0,0.0
Jhenaidah_132kVtoKushtia_132kV_Line2,Jhenaidah_132kV,Kushtia_132kV,,7.983668,1.802749,0.0,0.00027348,283.731,0.0,False,0.0,inf,,1.0,0.0,,,0.0,True,0,inf,43.0,,1.0,1.0,-inf,inf,,0.0,0.0,0.0,0.0,0.0,0.0,0.0
Kushtia_132kVtoBheramara_132kV_Line1,Kushtia_132kV,Bheramara_132kV,,4.270334,0.964261,0.0,0.00014628,283.731,0.0,False,0.0,inf,,1.0,0.0,,,0.0,True,0,inf,23.0,,1.0,1.0,-inf,inf,,0.0,0.0,0.0,0.0,0.0,0.0,0.0
Kushtia_132kVtoBheramara_132kV_Line2,Kushtia_132kV,Bheramara_132kV,,4.270334,0.964261,0.0,0.00014628,283.731,0.0,False,0.0,inf,,1.0,0.0,,,0.0,True,0,inf,23.0,,1.0,1.0,-inf,inf,,0.0,0.0,0.0,0.0,0.0,0.0,0.0
Bheramara_132kVtoIshwardi_132kV_Line1,Bheramara_132kV,Ishwardi_132kV,,1.856667,0.419244,0.0,6.36e-05,283.731,0.0,False,0.0,inf,,1.0,0.0,,,0.0,True,0,inf,10.0,,1.0,1.0,-inf,inf,,0.0,0.0,0.0,0.0,0.0,0.0,0.0
Bheramara_132kVtoIshwardi_132kV_Line2,Bheramara_132kV,Ishwardi_132kV,,1.856667,0.419244,0.0,6.36e-05,283.731,0.0,False,0.0,inf,,1.0,0.0,,,0.0,True,0,inf,10.0,,1.0,1.0,-inf,inf,,0.0,0.0,0.0,0.0,0.0,0.0,0.0
Ishwardi_132kVtoNatore_132kV_Line1,Ishwardi_132kV,Natore_132kV,,7.798001,1.760825,0.0,0.00026712,283.731,0.0,False,0.0,inf,,1.0,0.0,,,0.0,True,0,inf,42.0,,1.0,1.0,-inf,inf,,0.0,0.0,0.0,0.0,0.0,0.0,0.0
Ishwardi_132kVtoNatore_132kV_Line2,Ishwardi_132kV,Natore_132kV,,7.798001,1.760825,0.0,0.00026712,283.731,0.0,False,0.0,inf,,1.0,0.0,,,0.0,True,0,inf,42.0,,1.0,1.0,-inf,inf,,0.0,0.0,0.0,0.0,0.0,0.0,0.0
Natore_132kVtoBogura_132kV_Line1,Natore_132kV,Bogura_132kV,,11.325669,2.557388,0.0,0.00038796,283.731,0.0,False,0.0,inf,,1.0,0.0,,,0.0,True,0,inf,61.0,,1.0,1.0,-inf,inf,,0.0,0.0,0.0,0.0,0.0,0.0,0.0
Natore_132kVtoBogura_132kV_Line2,Natore_132kV,Bogura_132kV,,11.325669,2.557388,0.0,0.00038796,283.731,0.0,False,0.0,inf,,1.0,0.0,,,0.0,True,0,inf,61.0,,1.0,1.0,-inf,inf,,0.0,0.0,0.0,0.0,0.0,0.0,0.0
Bogura_132kVtoMahasthangarh_132kV_Line1,Bogura_132kV,Mahasthangarh_132kV,,1.856667,0.419244,0.0,6.36e-05,283.731,0.0,False,0.0,inf,,1.0,0.0,,,0.0,True,0,inf,10.0,,1.0,1.0,-inf,inf,,0.0,0.0,0.0,0.0,0.0,0.0,0.0
Bogura_132kVtoMahasthangarh_132kV_Line2,Bogura_132kV,Mahasthangarh_132kV,,1.856667,0.419244,0.0,6.36e-05,283.731,0.0,False,0.0,inf,,1.0,0.0,,,0.0,True,0,inf,10.0,,1.0,1.0,-inf,inf,,0.0,0.0,0.0,0.0,0.0,0.0,0.0
Mahasthangarh_132kVtoPalashbari_132kV_Line1,Mahasthangarh_132kV,Palashbari_132kV,,7.426668,1.676976,0.0,0.0002544,283.731,0.0,False,0.0,inf,,1.0,0.0,,,0.0,True,0,inf,40.0,,1.0,1.0,-inf,inf,,0.0,0.0,0.0,0.0,0.0,0.0,0.0
Mahasthangarh_132kVtoPalashbari_132kV_Line2,Mahasthangarh_132kV,Palashbari_132kV,,7.426668,1.676976,0.0,0.0002544,283.731,0.0,False,0.0,inf,,1.0,0.0,,,0.0,True,0,inf,40.0,,1.0,1.0,-inf,inf,,0.0,0.0,0.0,0.0,0.0,0.0,0.0
Palashbari_132kVtoMithapukur_132kV_Line1,Palashbari_132kV,Mithapukur_132kV,,5.570001,1.257732,0.0,0.0001908,283.731,0.0,False,0.0,inf,,1.0,0.0,,,0.0,True,0,inf,30.0,,1.0,1.0,-inf,inf,,0.0,0.0,0.0,0.0,0.0,0.0,0.0
Palashbari_132kVtoMithapukur_132kV_Line2,Palashbari_132kV,Mithapukur_132kV,,5.570001,1.257732,0.0,0.0001908,283.731,0.0,False,0.0,inf,,1.0,0.0,,,0.0,True,0,inf,30.0,,1.0,1.0,-inf,inf,,0.0,0.0,0.0,0.0,0.0,0.0,0.0
Mithapukur_132kVtoConfidencePP_132kV_Line1,Mithapukur_132kV,ConfidencePP_132kV,,2.785,0.628866,0.0,9.54e-05,283.731,0.0,False,0.0,inf,,1.0,0.0,,,0.0,True,0,inf,15.0,,1.0,1.0,-inf,inf,,0.0,0.0,0.0,0.0,0.0,0.0,0.0
Mithapukur_132kVtoConfidencePP_132kV_Line2,Mithapukur_132kV,ConfidencePP_132kV,,2.785,0.628866,0.0,9.54e-05,283.731,0.0,False,0.0,inf,,1.0,0.0,,,0.0,True,0,inf,15.0,,1.0,1.0,-inf,inf,,0.0,0.0,0.0,0.0,0.0,0.0,0.0
ConfidencePP_132kVtoRangpur_132kV_Line1,ConfidencePP_132kV,Rangpur_132kV,,1.671,0.37732,0.0,5.724e-05,283.731,0.0,False,0.0,inf,,1.0,0.0,,,0.0,True,0,inf,9.0,,1.0,1.0,-inf,inf,,0.0,0.0,0.0,0.0,0.0,0.0,0.0
ConfidencePP_132kVtoRangpur_132kV_Line2,ConfidencePP_132kV,Rangpur_132kV,,1.671,0.37732,0.0,5.724e-05,283.731,0.0,False,0.0,inf,,1.0,0.0,,,0.0,True,0,inf,9.0,,1.0,1.0,-inf,inf,,0.0,0.0,0.0,0.0,0.0,0.0,0.0
Rangpur_132kVtoTaraganj_132kV_Line1,Rangpur_132kV,Taraganj_132kV,,3.527667,0.796564,0.0,0.00012084,283.731,0.0,False,0.0,inf,,1.0,0.0,,,0.0,True,0,inf,19.0,,1.0,1.0,-inf,inf,,0.0,0.0,0.0,0.0,0.0,0.0,0.0
Rangpur_132kVtoTaraganj_132kV_Line2,Rangpur_132kV,Taraganj_132kV,,3.527667,0.796564,0.0,0.00012084,283.731,0.0,False,0.0,inf,,1.0,0.0,,,0.0,True,0,inf,19.0,,1.0,1.0,-inf,inf,,0.0,0.0,0.0,0.0,0.0,0.0,0.0
Taraganj_132kVtoSaidpur_132kV_Line1,Taraganj_132kV,Saidpur_132kV,,3.991834,0.901375,0.0,0.00013674,283.731,0.0,False,0.0,inf,,1.0,0.0,,,0.0,True,0,inf,21.5,,1.0,1.0,-inf,inf,,0.0,0.0,0.0,0.0,0.0,0.0,0.0
Taraganj_132kVtoSaidpur_132kV_Line2,Taraganj_132kV,Saidpur_132kV,,3.991834,0.901375,0.0,0.00013674,283.731,0.0,False,0.0,inf,,1.0,0.0,,,0.0,True,0,inf,21.5,,1.0,1.0,-inf,inf,,0.0,0.0,0.0,0.0,0.0,0.0,0.0
Saidpur_132kVtoPurbasadipur_132kV_Line1,Saidpur_132kV,Purbasadipur_132kV,,4.548834,1.027148,0.0,0.00015582,283.731,0.0,False,0.0,inf,,1.0,0.0,,,0.0,True,0,inf,24.5,,1.0,1.0,-inf,inf,,0.0,0.0,0.0,0.0,0.0,0.0,0.0
Saidpur_132kVtoPurbasadipur_132kV_Line2,Saidpur_132kV,Purbasadipur_132kV,,4.548834,1.027148,0.0,0.00015582,283.731,0.0,False,0.0,inf,,1.0,0.0,,,0.0,True,0,inf,24.5,,1.0,1.0,-inf,inf,,0.0,0.0,0.0,0.0,0.0,0.0,0.0
Purbasadipur_132kVtoThakurgaon_132kV_Line1,Purbasadipur_132kV,Thakurgaon_132kV,,8.355002,1.886598,0.0,0.0002862,283.731,0.0,False,0.0,inf,,1.0,0.0,,,0.0,True,0,inf,45.0,,1.0,1.0,-inf,inf,,0.0,0.0,0.0,0.0,0.0,0.0,0.0
Purbasadipur_132kVtoThakurgaon_132kV_Line2,Purbasadipur_132kV,Thakurgaon_132kV,,8.355002,1.886598,0.0,0.0002862,283.731,0.0,False,0.0,inf,,1.0,0.0,,,0.0,True,0,inf,45.0,,1.0,1.0,-inf,inf,,0.0,0.0,0.0,0.0,0.0,0.0,0.0
Rangpur_132kVtoTeestaSolar_132kV_Line1,Rangpur_132kV,TeestaSolar_132kV,,7.613025,3.616124,0.0,0.000195636,162.785,0.0,False,0.0,inf,,1.0,0.0,,,0.0,True,0,inf,35.7,,1.0,1.0,-inf,inf,,0.0,0.0,0.0,0.0,0.0,0.0,0.0
Rangpur_132kVtoTeestaSolar_132kV_Line2,Rangpur_132kV,TeestaSolar_132kV,,7.613025,3.616124,0.0,0.000195636,162.785,0.0,False,0.0,inf,,1.0,0.0,,,0.0,True,0,inf,35.7,,1.0,1.0,-inf,inf,,0.0,0.0,0.0,0.0,0.0,0.0,0.0
Barishal_132kVtoBhandaria_132kV_Line1,Barishal_132kV,Bhandaria_132kV,,10.906582,6.608728,0.0,0.00025676,135.807,0.0,False,0.0,inf,,1.0,0.0,,,0.0,True,0,inf,49.0,,1.0,1.0,-inf,inf,,0.0,0.0,0.0,0.0,0.0,0.0,0.0
Bhandaria_132kVtoBagerhat_132kV_Line1,Bhandaria_132kV,Bagerhat_132kV,,8.903332,5.39488,0.0,0.0002096,135.807,0.0,False,0.0,inf,,1.0,0.0,,,0.0,True,0,inf,40.0,,1.0,1.0,-inf,inf,,0.0,0.0,0.0,0.0,0.0,0.0,0.0
Bagerhat_132kVtoMongla_132kV_Line1,Bagerhat_132kV,Mongla_132kV,,6.232332,3.776416,0.0,0.00014672,135.807,0.0,False,0.0,inf,,1.0,0.0,,,0.0,True,0,inf,28.0,,1.0,1.0,-inf,inf,,0.0,0.0,0.0,0.0,0.0,0.0,0.0
Barishal_132kVtoBakerganj_132kV_Line1,Barishal_132kV,Bakerganj_132kV,,4.006499,2.427696,0.0,9.432e-05,135.807,0.0,False,0.0,inf,,1.0,0.0,,,0.0,True,0,inf,18.0,,1.0,1.0,-inf,inf,,0.0,0.0,0.0,0.0,0.0,0.0,0.0
Bakerganj_132kVtoPatuakhali_132kV_Line1,Bakerganj_132kV,Patuakhali_132kV,,4.451666,2.69744,0.0,0.0001048,135.807,0.0,False,0.0,inf,,1.0,0.0,,,0.0,True,0,inf,20.0,,1.0,1.0,-inf,inf,,0.0,0.0,0.0,0.0,0.0,0.0,0.0
Bheramara_132kVtoFaridpur_132kV_Line1,Bheramara_132kV,Faridpur_132kV,,23.371247,14.16156,0.0,0.0005502,135.807,0.0,False,0.0,inf,,1.0,0.0,,,0.0,True,0,inf,105.0,,1.0,1.0,-inf,inf,,0.0,0.0,0.0,0.0,0.0,0.0,0.0
Bheramara_132kVtoFaridpur_132kV_Line2,Bheramara_132kV,Faridpur_132kV,,23.371247,14.16156,0.0,0.0005502,135.807,0.0,False,0.0,inf,,1.0,0.0,,,0.0,True,0,inf,105.0,,1.0,1.0,-inf,inf,,0.0,0.0,0.0,0.0,0.0,0.0,0.0
Faridpur_132kVtoMadaripur_132kV_Line1,Faridpur_132kV,Madaripur_132kV,,14.579206,8.834116,0.0,0.00034322,135.807,0.0,False,0.0,inf,,1.0,0.0,,,0.0,True,0,inf,65.5,,1.0,1.0,-inf,inf,,0.0,0.0,0.0,0.0,0.0,0.0,0.0
Faridpur_132kVtoMadaripur_132kV_Line2,Faridpur_132kV,Madaripur_132kV,,14.579206,8.834116,0.0,0.00034322,135.807,0.0,False,0.0,inf,,1.0,0.0,,,0.0,True,0,inf,65.5,,1.0,1.0,-inf,inf,,0.0,0.0,0.0,0.0,0.0,0.0,0.0
Madaripur_132kVtoBarishalNorth_132kV_Line1,Madaripur_132kV,BarishalNorth_132kV,,10.79529,6.541292,0.0,0.00025414,135.807,0.0,False,0.0,inf,,1.0,0.0,,,0.0,True,0,inf,48.5,,1.0,1.0,-inf,inf,,0.0,0.0,0.0,0.0,0.0,0.0,0.0
Madaripur_132kVtoBarishalNorth_132kV_Line2,Madaripur_132kV,BarishalNorth_132kV,,10.79529,6.541292,0.0,0.00025414,135.807,0.0,False,0.0,inf,,1.0,0.0,,,0.0,True,0,inf,48.5,,1.0,1.0,-inf,inf,,0.0,0.0,0.0,0.0,0.0,0.0,0.0
BarishalNorth_132kVtoBarishal_132kV_Line1,BarishalNorth_132kV,Barishal_132kV,,2.225833,1.34872,0.0,5.24e-05,135.807,0.0,False,0.0,inf,,1.0,0.0,,,0.0,True,0,inf,10.0,,1.0,1.0,-inf,inf,,0.0,0.0,0.0,0.0,0.0,0.0,0.0
BarishalNorth_132kVtoBarishal_132kV_Line2,BarishalNorth_132kV,Barishal_132kV,,2.225833,1.34872,0.0,5.24e-05,135.807,0.0,False,0.0,inf,,1.0,0.0,,,0.0,True,0,inf,10.0,,1.0,1.0,-inf,inf,,0.0,0.0,0.0,0.0,0.0,0.0,0.0
Rajshahi_132kVtoNatore_132kV_Line1,Rajshahi_132kV,Natore_132kV,,8.235582,4.990264,0.0,0.00019388,135.807,0.0,False,0.0,inf,,1.0,0.0,,,0.0,True,0,inf,37.0,,1.0,1.0,-inf,inf,,0.0,0.0,0.0,0.0,0.0,0.0,0.0
Ishwardi_132kVtoBaghabari_132kV_Line1,Ishwardi_132kV,Baghabari_132kV,,14.022748,8.496936,0.0,0.00033012,135.807,0.0,False,0.0,inf,,1.0,0.0,,,0.0,True,0,inf,63.0,,1.0,1.0,-inf,inf,,0.0,0.0,0.0,0.0,0.0,0.0,0.0
Baghabari_132kVtoShahjadpur_132kV_Line1,Baghabari_132kV,Shahjadpur_132kV,,1.112917,0.67436,0.0,2.62e-05,135.807,0.0,False,0.0,inf,,1.0,0.0,,,0.0,True,0,inf,5.0,,1.0,1.0,-inf,inf,,0.0,0.0,0.0,0.0,0.0,0.0,0.0
Baghabari_132kVtoShahjadpur_132kV_Line2,Baghabari_132kV,Shahjadpur_132kV,,1.112917,0.67436,0.0,2.62e-05,135.807,0.0,False,0.0,inf,,1.0,0.0,,,0.0,True,0,inf,5.0,,1.0,1.0,-inf,inf,,0.0,0.0,0.0,0.0,0.0,0.0,0.0
Baghabari_132kVtoUllapara_132kV_Line1,Baghabari_132kV,Ullapara_132kV,,3.62525,1.721964,0.0,9.316e-05,162.785,0.0,False,0.0,inf,,1.0,0.0,,,0.0,True,0,inf,17.0,,1.0,1.0,-inf,inf,,0.0,0.0,0.0,0.0,0.0,0.0,0.0
Shahjadpur_132kVtoUllapara_132kV_Line1,Shahjadpur_132kV,Ullapara_132kV,,2.77225,1.316796,0.0,7.124e-05,162.785,0.0,False,0.0,inf,,1.0,0.0,,,0.0,True,0,inf,13.0,,1.0,1.0,-inf,inf,,0.0,0.0,0.0,0.0,0.0,0.0,0.0
Ishwardi_132kVtoPabna_132kV_Line1,Ishwardi_132kV,Pabna_132kV,,3.8385,1.823256,0.0,9.864e-05,162.785,0.0,False,0.0,inf,,1.0,0.0,,,0.0,True,0,inf,18.0,,1.0,1.0,-inf,inf,,0.0,0.0,0.0,0.0,0.0,0.0,0.0
Pabna_132kVtoShahjadpur_132kV_Line1,Pabna_132kV,Shahjadpur_132kV,,8.74325,4.152972,0.0,0.00022468,162.785,0.0,False,0.0,inf,,1.0,0.0,,,0.0,True,0,inf,41.0,,1.0,1.0,-inf,inf,,0.0,0.0,0.0,0.0,0.0,0.0,0.0
Bogura_132kVtoSirajganj_132kV_Line1,Bogura_132kV,Sirajganj_132kV,,14.0745,6.685272,0.0,0.00036168,162.785,0.0,False,0.0,inf,,1.0,0.0,,,0.0,True,0,inf,66.0,,1.0,1.0,-inf,inf,,0.0,0.0,0.0,0.0,0.0,0.0,0.0
Bogura_132kVtoSirajganj_132kV_Line2,Bogura_132kV,Sirajganj_132kV,,14.0745,6.685272,0.0,0.00036168,162.785,0.0,False,0.0,inf,,1.0,0.0,,,0.0,True,0,inf,66.0,,1.0,1.0,-inf,inf,,0.0,0.0,0.0,0.0,0.0,0.0,0.0
Sirajganj_132kVtoShahjadpur_132kV_Line1,Sirajganj_132kV,Shahjadpur_132kV,,7.2505,3.443928,0.0,0.00018632,162.785,0.0,False,0.0,inf,,1.0,0.0,,,0.0,True,0,inf,34.0,,1.0,1.0,-inf,inf,,0.0,0.0,0.0,0.0,0.0,0.0,0.0
Sirajganj_132kVtoBaghabari_132kV_Line1,Sirajganj_132kV,Baghabari_132kV,,8.53,4.05168,0.0,0.0002192,162.785,0.0,False,0.0,inf,,1.0,0.0,,,0.0,True,0,inf,40.0,,1.0,1.0,-inf,inf,,0.0,0.0,0.0,0.0,0.0,0.0,0.0
Rajshahi_132kVtoRajshahiNorth_132kV_Line1,Rajshahi_132kV,RajshahiNorth_132kV,,10.236,4.862016,0.0,0.00026304,162.785,0.0,False,0.0,inf,,1.0,0.0,,,0.0,True,0,inf,48.0,,1.0,1.0,-inf,inf,,0.0,0.0,0.0,0.0,0.0,0.0,0.0
Rajshahi_132kVtoRajshahiNorth_132kV_Line2,Rajshahi_132kV,RajshahiNorth_132kV,,10.236,4.862016,0.0,0.00026304,162.785,0.0,False,0.0,inf,,1.0,0.0,,,0.0,True,0,inf,48.0,,1.0,1.0,-inf,inf,,0.0,0.0,0.0,0.0,0.0,0.0,0.0
Rangpur_132kVtoLalmonirhat_132kV_Line1,Rangpur_132kV,Lalmonirhat_132kV,,8.1035,3.849096,0.0,0.00020824,162.785,0.0,False,0.0,inf,,1.0,0.0,,,0.0,True,0,inf,38.0,,1.0,1.0,-inf,inf,,0.0,0.0,0.0,0.0,0.0,0.0,0.0
Bogura_132kVtoNaogaon_132kV_Line1,Bogura_132kV,Naogaon_132kV,,9.383,4.456848,0.0,0.00024112,162.785,0.0,False,0.0,inf,,1.0,0.0,,,0.0,True,0,inf,44.0,,1.0,1.0,-inf,inf,,0.0,0.0,0.0,0.0,0.0,0.0,0.0
Bogura_132kVtoNaogaon_132kV_Line2,Bogura_132kV,Naogaon_132kV,,9.383,4.456848,0.0,0.00024112,162.785,0.0,False,0.0,inf,,1.0,0.0,,,0.0,True,0,inf,44.0,,1.0,1.0,-inf,inf,,0.0,0.0,0.0,0.0,0.0,0.0,0.0
Kabirpur_132kVtoTangail_132kV_Line1,Kabirpur_132kV,Tangail_132kV,,10.87575,5.165892,0.0,0.00027948,162.785,0.0,False,0.0,inf,,1.0,0.0,,,0.0,True,0,inf,51.0,,1.0,1.0,-inf,inf,,0.0,0.0,0.0,0.0,0.0,0.0,0.0
Kabirpur_132kVtoTangail_132kV_Line2,Kabirpur_132kV,Tangail_132kV,,10.87575,5.165892,0.0,0.00027948,162.785,0.0,False,0.0,inf,,1.0,0.0,,,0.0,True,0,inf,51.0,,1.0,1.0,-inf,inf,,0.0,0.0,0.0,0.0,0.0,0.0,0.0
Tongi_132kVtoMirpur_132kV_Line1,Tongi_132kV,Mirpur_132kV,,3.62525,1.721964,0.0,9.316e-05,162.785,0.0,False,0.0,inf,,1.0,0.0,,,0.0,True,0,inf,17.0,,1.0,1.0,-inf,inf,,0.0,0.0,0.0,0.0,0.0,0.0,0.0
Tongi_132kVtoUttara_132kV_Line1,Tongi_132kV,Uttara_132kV,,3.19875,1.51938,0.0,8.22e-05,162.785,0.0,False,0.0,inf,,1.0,0.0,,,0.0,True,0,inf,15.0,,1.0,1.0,-inf,inf,,0.0,0.0,0.0,0.0,0.0,0.0,0.0
Uttara_132kVtoMirpur_132kV_Line1,Uttara_132kV,Mirpur_132kV,,1.91925,0.911628,0.0,4.932e-05,162.785,0.0,False,0.0,inf,,1.0,0.0,,,0.0,True,0,inf,9.0,,1.0,1.0,-inf,inf,,0.0,0.0,0.0,0.0,0.0,0.0,0.0
Mirpur_132kVtoAminbazar_132kV_Line1,Mirpur_132kV,Aminbazar_132kV,,1.49275,0.709044,0.0,3.836e-05,162.785,0.0,False,0.0,inf,,1.0,0.0,,,0.0,True,0,inf,7.0,,1.0,1.0,-inf,inf,,0.0,0.0,0.0,0.0,0.0,0.0,0.0
Mirpur_132kVtoAminbazar_132kV_Line2,Mirpur_132kV,Aminbazar_132kV,,1.49275,0.709044,0.0,3.836e-05,162.785,0.0,False,0.0,inf,,1.0,0.0,,,0.0,True,0,inf,7.0,,1.0,1.0,-inf,inf,,0.0,0.0,0.0,0.0,0.0,0.0,0.0
Aminbazar_132kVtoKallayanpur_132kV_Line1,Aminbazar_132kV,Kallayanpur_132kV,,0.853,0.405168,0.0,2.192e-05,162.785,0.0,False,0.0,inf,,1.0,0.0,,,0.0,True,0,inf,4.0,,1.0,1.0,-inf,inf,,0.0,0.0,0.0,0.0,0.0,0.0,0.0
Aminbazar_132kVtoKallayanpur_132kV_Line2,Aminbazar_132kV,Kallayanpur_132kV,,0.853,0.405168,0.0,2.192e-05,162.785,0.0,False,0.0,inf,,1.0,0.0,,,0.0,True,0,inf,4.0,,1.0,1.0,-inf,inf,,0.0,0.0,0.0,0.0,0.0,0.0,0.0
Kallayanpur_132kVtoLalbagh_132kV_Line1,Kallayanpur_132kV,Lalbagh_132kV,,1.706,0.810336,0.0,4.384e-05,162.785,0.0,False,0.0,inf,,1.0,0.0,,,0.0,True,0,inf,8.0,,1.0,1.0,-inf,inf,,0.0,0.0,0.0,0.0,0.0,0.0,0.0
Kallayanpur_132kVtoLalbagh_132kV_Line2,Kallayanpur_132kV,Lalbagh_132kV,,1.706,0.810336,0.0,4.384e-05,162.785,0.0,False,0.0,inf,,1.0,0.0,,,0.0,True,0,inf,8.0,,1.0,1.0,-inf,inf,,0.0,0.0,0.0,0.0,0.0,0.0,0.0
Lalbagh_132kVtoKeraniganj_132kV_Line1,Lalbagh_132kV,Keraniganj_132kV,,2.559,1.215504,0.0,6.576e-05,162.785,0.0,False,0.0,inf,,1.0,0.0,,,0.0,True,0,inf,12.0,,1.0,1.0,-inf,inf,,0.0,0.0,0.0,0.0,0.0,0.0,0.0
Keraniganj_132kVtoKamrangirchar_132kV_Line1,Keraniganj_132kVt,Kamrangirchar_132kV,,0.63975,0.303876,0.0,1.644e-05,162.785,0.0,False,0.0,inf,,1.0,0.0,,,0.0,True,0,inf,3.0,,1.0,1.0,-inf,inf,,0.0,0.0,0.0,0.0,0.0,0.0,0.0
Kamrangirchar_132kVtoLalbagh_132kV_Line1,Kamrangirchar_132kV,Lalbagh_132kV,,0.63975,0.303876,0.0,1.644e-05,162.785,0.0,False,0.0,inf,,1.0,0.0,,,0.0,True,0,inf,3.0,,1.0,1.0,-inf,inf,,0.0,0.0,0.0,0.0,0.0,0.0,0.0
Hasnabad_132kVtoKeraniganj_132kV_Line1,Hasnabad_132kV,Keraniganj_132kV,,2.9855,1.418088,0.0,7.672e-05,162.785,0.0,False,0.0,inf,,1.0,0.0,,,0.0,True,0,inf,14.0,,1.0,1.0,-inf,inf,,0.0,0.0,0.0,0.0,0.0,0.0,0.0
Hasnabad_132kVtoKeraniganj_132kV_Line2,Hasnabad_132kV,Keraniganj_132kV,,2.9855,1.418088,0.0,7.672e-05,162.785,0.0,False,0.0,inf,,1.0,0.0,,,0.0,True,0,inf,14.0,,1.0,1.0,-inf,inf,,0.0,0.0,0.0,0.0,0.0,0.0,0.0
Tongi_132kVtoNewTongi_132kV_Line1,Tongi_132kV,NewTongi_132kV,,0.13104,0.0368,0.0,4.005e-06,171.473,0.0,False,0.0,inf,,1.0,0.0,,,0.0,True,0,inf,0.5,,1.0,1.0,-inf,inf,,0.0,0.0,0.0,0.0,0.0,0.0,0.0
Tongi_132kVtoNewTongi_132kV_Line2,Tongi_132kV,NewTongi_132kV,,0.13104,0.0368,0.0,4.005e-06,171.473,0.0,False,0.0,inf,,1.0,0.0,,,0.0,True,0,inf,0.5,,1.0,1.0,-inf,inf,,0.0,0.0,0.0,0.0,0.0,0.0,0.0
Hasnabad_132kVtoSitalakhya_132kV_Line1,Hasnabad_132kV,Sitalakhya_132kV,,2.77225,1.316796,0.0,7.124e-05,162.785,0.0,False,0.0,inf,,1.0,0.0,,,0.0,True,0,inf,13.0,,1.0,1.0,-inf,inf,,0.0,0.0,0.0,0.0,0.0,0.0,0.0
Madanganj_132kVtoSitalakhya_132kV_Line1,Madanganj_132kV,Sitalakhya_132kV,,0.853,0.405168,0.0,2.192e-05,162.785,0.0,False,0.0,inf,,1.0,0.0,,,0.0,True,0,inf,4.0,,1.0,1.0,-inf,inf,,0.0,0.0,0.0,0.0,0.0,0.0,0.0
Hasnabad_132kVtoFatullah_132kV_Line1,Hasnabad_132kV,Fatullah_132kV,,4.47825,2.127132,0.0,0.00011508,162.785,0.0,False,0.0,inf,,1.0,0.0,,,0.0,True,0,inf,21.0,,1.0,1.0,-inf,inf,,0.0,0.0,0.0,0.0,0.0,0.0,0.0
Fatullah_132kVtoShyampur_132kV_Line1,Fatullah_132kV,Shyampur_132kV,,0.853,0.405168,0.0,2.192e-05,162.785,0.0,False,0.0,inf,,1.0,0.0,,,0.0,True,0,inf,4.0,,1.0,1.0,-inf,inf,,0.0,0.0,0.0,0.0,0.0,0.0,0.0
Shyampur_132kVtoFatullah_132kV_Line1,Shyampur_132kV,Fatullah_132kV,,6.3975,3.03876,0.0,0.0001644,162.785,0.0,False,0.0,inf,,1.0,0.0,,,0.0,True,0,inf,30.0,,1.0,1.0,-inf,inf,,0.0,0.0,0.0,0.0,0.0,0.0,0.0
Fatullah_132kVtoHaripur_132kV_Line1,Fatullah_132kV,Haripur_132kV,,1.06625,0.50646,0.0,2.74e-05,162.785,0.0,False,0.0,inf,,1.0,0.0,,,0.0,True,0,inf,5.0,,1.0,1.0,-inf,inf,,0.0,0.0,0.0,0.0,0.0,0.0,0.0
Siddhirganj_132kVtoUllon_132kV_Line1,Siddhirganj_132kV,Ullon_132kV,,3.412,1.620672,0.0,8.768e-05,162.785,0.0,False,0.0,inf,,1.0,0.0,,,0.0,True,0,inf,16.0,,1.0,1.0,-inf,inf,,0.0,0.0,0.0,0.0,0.0,0.0,0.0
Siddhirganj_132kVtoUllon_132kV_Line2,Siddhirganj_132kV,Ullon_132kV,,3.412,1.620672,0.0,8.768e-05,162.785,0.0,False,0.0,inf,,1.0,0.0,,,0.0,True,0,inf,16.0,,1.0,1.0,-inf,inf,,0.0,0.0,0.0,0.0,0.0,0.0,0.0
Siddhirganj_132kVoMatuail_132kV_Line1,Siddhirganj_132kV,Matuail_132kV,,1.2795,0.607752,0.0,3.288e-05,162.785,0.0,False,0.0,inf,,1.0,0.0,,,0.0,True,0,inf,6.0,,1.0,1.0,-inf,inf,,0.0,0.0,0.0,0.0,0.0,0.0,0.0
Maniknagar_132kVtoMatuail_132kV_Line1,Maniknagar_132kV,Matuail_132kV,,3.412,1.620672,0.0,8.768e-05,162.785,0.0,False,0.0,inf,,1.0,0.0,,,0.0,True,0,inf,16.0,,1.0,1.0,-inf,inf,,0.0,0.0,0.0,0.0,0.0,0.0,0.0
Siddhirganj_132kVtoManiknagar_132kV_Line1,Siddhirganj_132kV,Maniknagar_132kV,,2.1325,1.01292,0.0,5.48e-05,162.785,0.0,False,0.0,inf,,1.0,0.0,,,0.0,True,0,inf,10.0,,1.0,1.0,-inf,inf,,0.0,0.0,0.0,0.0,0.0,0.0,0.0
Maniknagar_132kVtoNarinda_132kV_Line1,Maniknagar_132kV,Narinda_132kV,,1.112917,0.67436,0.0,2.62e-05,135.807,0.0,False,0.0,inf,,1.0,0.0,,,0.0,True,0,inf,5.0,,1.0,1.0,-inf,inf,,0.0,0.0,0.0,0.0,0.0,0.0,0.0
Maniknagar_132kVtoNarinda_132kV_Line2,Maniknagar_132kV,Narinda_132kV,,1.112917,0.67436,0.0,2.62e-05,135.807,0.0,False,0.0,inf,,1.0,0.0,,,0.0,True,0,inf,5.0,,1.0,1.0,-inf,inf,,0.0,0.0,0.0,0.0,0.0,0.0,0.0
Ullon_132kVtoDhanmondi_132kV_Line1,Ullon_132kV,Dhanmondi_132kV,,1.224208,0.741796,0.0,2.882e-05,135.807,0.0,False,0.0,inf,,1.0,0.0,,,0.0,True,0,inf,5.5,,1.0,1.0,-inf,inf,,0.0,0.0,0.0,0.0,0.0,0.0,0.0
Ullon_132kVtoDhanmondi_132kV_Line2,Ullon_132kV,Dhanmondi_132kV,,1.224208,0.741796,0.0,2.882e-05,135.807,0.0,False,0.0,inf,,1.0,0.0,,,0.0,True,0,inf,5.5,,1.0,1.0,-inf,inf,,0.0,0.0,0.0,0.0,0.0,0.0,0.0
Tongi_132kVtoKabirpur_132kV_Line1,Tongi_132kV,Kabirpur_132kV,,4.798125,2.27907,0.0,0.0001233,162.785,0.0,False,0.0,inf,,1.0,0.0,,,0.0,True,0,inf,22.5,,1.0,1.0,-inf,inf,,0.0,0.0,0.0,0.0,0.0,0.0,0.0
Tongi_132kVtoKabirpur_132kV_Line2,Tongi_132kV,Kabirpur_132kV,,4.798125,2.27907,0.0,0.0001233,162.785,0.0,False,0.0,inf,,1.0,0.0,,,0.0,True,0,inf,22.5,,1.0,1.0,-inf,inf,,0.0,0.0,0.0,0.0,0.0,0.0,0.0
Kabirpur_132kVtoManikganj_132kV_Line1,Kabirpur_132kV,Manikganj_132kV,,6.824,3.241344,0.0,0.00017536,162.785,0.0,False,0.0,inf,,1.0,0.0,,,0.0,True,0,inf,32.0,,1.0,1.0,-inf,inf,,0.0,0.0,0.0,0.0,0.0,0.0,0.0
Kabirpur_132kVtoManikganj_132kV_Line2,Kabirpur_132kV,Manikganj_132kV,,6.824,3.241344,0.0,0.00017536,162.785,0.0,False,0.0,inf,,1.0,0.0,,,0.0,True,0,inf,32.0,,1.0,1.0,-inf,inf,,0.0,0.0,0.0,0.0,0.0,0.0,0.0
Ullon_132kVtoRampura_132kV_Line1,Ullon_132kV,Rampura_132kV,,1.04832,0.2944,0.0,3.204e-05,171.473,0.0,False,0.0,inf,,1.0,0.0,,,0.0,True,0,inf,4.0,,1.0,1.0,-inf,inf,,0.0,0.0,0.0,0.0,0.0,0.0,0.0
Ullon_132kVtoRampura_132kV_Line2,Ullon_132kV,Rampura_132kV,,1.04832,0.2944,0.0,3.204e-05,171.473,0.0,False,0.0,inf,,1.0,0.0,,,0.0,True,0,inf,4.0,,1.0,1.0,-inf,inf,,0.0,0.0,0.0,0.0,0.0,0.0,0.0
Rampura_132kVtoBashundhara_132kV_Line1,Rampura_132kV,Bashundhara_132kV,,1.706,0.810336,0.0,4.384e-05,162.785,0.0,False,0.0,inf,,1.0,0.0,,,0.0,True,0,inf,8.0,,1.0,1.0,-inf,inf,,0.0,0.0,0.0,0.0,0.0,0.0,0.0
Rampura_132kVtoBashundhara_132kV_Line2,Rampura_132kV,Bashundhara_132kV,,1.706,0.810336,0.0,4.384e-05,162.785,0.0,False,0.0,inf,,1.0,0.0,,,0.0,True,0,inf,8.0,,1.0,1.0,-inf,inf,,0.0,0.0,0.0,0.0,0.0,0.0,0.0
Bashundhara_132kVtoTongi_132kV_Line1,Bashundhara_132kV,Tongi_132kV,,2.34575,1.114212,0.0,6.028e-05,162.785,0.0,False,0.0,inf,,1.0,0.0,,,0.0,True,0,inf,11.0,,1.0,1.0,-inf,inf,,0.0,0.0,0.0,0.0,0.0,0.0,0.0
Bashundhara_132kVtoTongi_132kV_Line2,Bashundhara_132kV,Tongi_132kV,,2.34575,1.114212,0.0,6.028e-05,162.785,0.0,False,0.0,inf,,1.0,0.0,,,0.0,True,0,inf,11.0,,1.0,1.0,-inf,inf,,0.0,0.0,0.0,0.0,0.0,0.0,0.0
Rampura_132kVtoMoghbazar_132kV_Line1,Rampura_132kV,Moghbazar_132kV,,0.959625,0.455814,0.0,2.466e-05,162.785,0.0,False,0.0,inf,,1.0,0.0,,,0.0,True,0,inf,4.5,,1.0,1.0,-inf,inf,,0.0,0.0,0.0,0.0,0.0,0.0,0.0
Rampura_132kVtoMoghbazar_132kV_Line2,Rampura_132kV,Moghbazar_132kV,,0.959625,0.455814,0.0,2.466e-05,162.785,0.0,False,0.0,inf,,1.0,0.0,,,0.0,True,0,inf,4.5,,1.0,1.0,-inf,inf,,0.0,0.0,0.0,0.0,0.0,0.0,0.0
Ghorashal_132kVtoPubail_132kV_Line1,Ghorashal_132kV,Pubail_132kV,,3.646575,1.732093,0.0,9.3708e-05,162.785,0.0,False,0.0,inf,,1.0,0.0,,,0.0,True,0,inf,17.1,,1.0,1.0,-inf,inf,,0.0,0.0,0.0,0.0,0.0,0.0,0.0
Ghorashal_132kVtoPubail_132kV_Line2,Ghorashal_132kV,Pubail_132kV,,3.646575,1.732093,0.0,9.3708e-05,162.785,0.0,False,0.0,inf,,1.0,0.0,,,0.0,True,0,inf,17.1,,1.0,1.0,-inf,inf,,0.0,0.0,0.0,0.0,0.0,0.0,0.0
Pubail_132kVtoJoydebpur_132kV_Line1,Pubail_132kV,Joydebpur_132kV,,3.646575,1.732093,0.0,9.3708e-05,162.785,0.0,False,0.0,inf,,1.0,0.0,,,0.0,True,0,inf,17.1,,1.0,1.0,-inf,inf,,0.0,0.0,0.0,0.0,0.0,0.0,0.0
Pubail_132kVtoJoydebpur_132kV_Line2,Pubail_132kV,Joydebpur_132kV,,3.646575,1.732093,0.0,9.3708e-05,162.785,0.0,False,0.0,inf,,1.0,0.0,,,0.0,True,0,inf,17.1,,1.0,1.0,-inf,inf,,0.0,0.0,0.0,0.0,0.0,0.0,0.0
Chandpur_132kVtoDeshPP_132kV_Line1,Chandpur_132kV,DeshPP_132kV,,0.21325,0.101292,0.0,5.48e-06,162.785,0.0,False,0.0,inf,,1.0,0.0,,,0.0,True,0,inf,1.0,,1.0,1.0,-inf,inf,,0.0,0.0,0.0,0.0,0.0,0.0,0.0
Chandpur_132kVtoDeshPP_132kV_Line2,Chandpur_132kV,DeshPP_132kV,,0.21325,0.101292,0.0,5.48e-06,162.785,0.0,False,0.0,inf,,1.0,0.0,,,0.0,True,0,inf,1.0,,1.0,1.0,-inf,inf,,0.0,0.0,0.0,0.0,0.0,0.0,0.0
DeshPP_132kVtoRamganj_132kV_Line1,DeshPP_132kV,Ramganj_132kV,,5.971,2.836176,0.0,0.00015344,162.785,0.0,False,0.0,inf,,1.0,0.0,,,0.0,True,0,inf,28.0,,1.0,1.0,-inf,inf,,0.0,0.0,0.0,0.0,0.0,0.0,0.0
DeshPP_132kVtoRamganj_132kV_Line2,DeshPP_132kV,Ramganj_132kV,,5.971,2.836176,0.0,0.00015344,162.785,0.0,False,0.0,inf,,1.0,0.0,,,0.0,True,0,inf,28.0,,1.0,1.0,-inf,inf,,0.0,0.0,0.0,0.0,0.0,0.0,0.0
Ramganj_132kVtoChowmuhani_132kV_Line1,Ramganj_132kV,Chowmuhani_132kV,,8.31675,3.950388,0.0,0.00021372,162.785,0.0,False,0.0,inf,,1.0,0.0,,,0.0,True,0,inf,39.0,,1.0,1.0,-inf,inf,,0.0,0.0,0.0,0.0,0.0,0.0,0.0
Ramganj_132kVtoChowmuhani_132kV_Line2,Ramganj_132kV,Chowmuhani_132kV,,8.31675,3.950388,0.0,0.00021372,162.785,0.0,False,0.0,inf,,1.0,0.0,,,0.0,True,0,inf,39.0,,1.0,1.0,-inf,inf,,0.0,0.0,0.0,0.0,0.0,0.0,0.0
Barapukuria_132kVtoRangpur_132kV_Line1,Barapukuria_132kV,Rangpur_132kV,,8.9565,4.254264,0.0,0.00023016,162.785,0.0,False,0.0,inf,,1.0,0.0,,,0.0,True,0,inf,42.0,,1.0,1.0,-inf,inf,,0.0,0.0,0.0,0.0,0.0,0.0,0.0
Barapukuria_132kVtoRangpur_132kV_Line2,Barapukuria_132kV,Rangpur_132kV,,8.9565,4.254264,0.0,0.00023016,162.785,0.0,False,0.0,inf,,1.0,0.0,,,0.0,True,0,inf,42.0,,1.0,1.0,-inf,inf,,0.0,0.0,0.0,0.0,0.0,0.0,0.0
Barapukuria_132kVtoSaidpur_132kV_Line1,Barapukuria_132kV,Saidpur_132kV,,7.677,3.646512,0.0,0.00019728,162.785,0.0,False,0.0,inf,,1.0,0.0,,,0.0,True,0,inf,36.0,,1.0,1.0,-inf,inf,,0.0,0.0,0.0,0.0,0.0,0.0,0.0
Barapukuria_132kVtoSaidpur_132kV_Line2,Barapukuria_132kV,Saidpur_132kV,,7.677,3.646512,0.0,0.00019728,162.785,0.0,False,0.0,inf,,1.0,0.0,,,0.0,True,0,inf,36.0,,1.0,1.0,-inf,inf,,0.0,0.0,0.0,0.0,0.0,0.0,0.0
Madaripur_132kVtoGopalganjNorth_132kV_Line1,Madaripur_132kV,GopalganjNorth_132kV,,4.90475,2.329716,0.0,0.00012604,162.785,0.0,False,0.0,inf,,1.0,0.0,,,0.0,True,0,inf,23.0,,1.0,1.0,-inf,inf,,0.0,0.0,0.0,0.0,0.0,0.0,0.0
Madaripur_132kVtoGopalganjNorth_132kV_Line2,Madaripur_132kV,GopalganjNorth_132kV,,4.90475,2.329716,0.0,0.00012604,162.785,0.0,False,0.0,inf,,1.0,0.0,,,0.0,True,0,inf,23.0,,1.0,1.0,-inf,inf,,0.0,0.0,0.0,0.0,0.0,0.0,0.0
Madaripur_132kVtoGopalganjNorth_132kV_Line3,Madaripur_132kV,GopalganjNorth_132kV,,4.90475,2.329716,0.0,0.00012604,162.785,0.0,False,0.0,inf,,1.0,0.0,,,0.0,True,0,inf,23.0,,1.0,1.0,-inf,inf,,0.0,0.0,0.0,0.0,0.0,0.0,0.0
Madaripur_132kVtoGopalganjNorth_132kV_Line4,Madaripur_132kV,GopalganjNorth_132kV,,4.90475,2.329716,0.0,0.00012604,162.785,0.0,False,0.0,inf,,1.0,0.0,,,0.0,True,0,inf,23.0,,1.0,1.0,-inf,inf,,0.0,0.0,0.0,0.0,0.0,0.0,0.0
GopalganjNorth_132kVtoGopalganj_132kV_Line1,GopalganjNorth_132kV,Gopalganj_132kV,,7.46375,3.54522,0.0,0.0001918,162.785,0.0,False,0.0,inf,,1.0,0.0,,,0.0,True,0,inf,35.0,,1.0,1.0,-inf,inf,,0.0,0.0,0.0,0.0,0.0,0.0,0.0
GopalganjNorth_132kVtoGopalganj_132kV_Line2,GopalganjNorth_132kV,Gopalganj_132kV,,7.46375,3.54522,0.0,0.0001918,162.785,0.0,False,0.0,inf,,1.0,0.0,,,0.0,True,0,inf,35.0,,1.0,1.0,-inf,inf,,0.0,0.0,0.0,0.0,0.0,0.0,0.0
GopalganjNorth_132kVtoFaridpur_132kV_Line1,GopalganjNorth_132kV,Faridpur_132kV,,4.265,2.02584,0.0,0.0001096,162.785,0.0,False,0.0,inf,,1.0,0.0,,,0.0,True,0,inf,20.0,,1.0,1.0,-inf,inf,,0.0,0.0,0.0,0.0,0.0,0.0,0.0
GopalganjNorth_132kVtoFaridpur_132kV_Line2,GopalganjNorth_132kV,Faridpur_132kV,,4.265,2.02584,0.0,0.0001096,162.785,0.0,False,0.0,inf,,1.0,0.0,,,0.0,True,0,inf,20.0,,1.0,1.0,-inf,inf,,0.0,0.0,0.0,0.0,0.0,0.0,0.0
Faridpur_132kVtoRajbari_132kV_Line1,Faridpur_132kV,Rajbari_132kV,,11.72875,5.57106,0.0,0.0003014,162.785,0.0,False,0.0,inf,,1.0,0.0,,,0.0,True,0,inf,55.0,,1.0,1.0,-inf,inf,,0.0,0.0,0.0,0.0,0.0,0.0,0.0
Faridpur_132kVtoRajbari_132kV_Line2,Faridpur_132kV,Rajbari_132kV,,11.72875,5.57106,0.0,0.0003014,162.785,0.0,False,0.0,inf,,1.0,0.0,,,0.0,True,0,inf,55.0,,1.0,1.0,-inf,inf,,0.0,0.0,0.0,0.0,0.0,0.0,0.0
Rajbari_132kVtoBheramara_132kV_Line1,Rajbari_132kV,Bheramara_132kV,,20.8985,9.926616,0.0,0.00053704,162.785,0.0,False,0.0,inf,,1.0,0.0,,,0.0,True,0,inf,98.0,,1.0,1.0,-inf,inf,,0.0,0.0,0.0,0.0,0.0,0.0,0.0
Rajbari_132kVtoBheramara_132kV_Line2,Rajbari_132kV,Bheramara_132kV,,20.8985,9.926616,0.0,0.00053704,162.785,0.0,False,0.0,inf,,1.0,0.0,,,0.0,True,0,inf,98.0,,1.0,1.0,-inf,inf,,0.0,0.0,0.0,0.0,0.0,0.0,0.0
KhulnaCentral_132kVtoKhulnaSouth_132kV_Line1,KhulnaCentral_132kV,KhulnaSouth_132kV,,1.28835,0.30785,0.0,0.0001035,412.907,0.0,False,0.0,inf,,1.0,0.0,,,0.0,True,0,inf,9.0,,1.0,1.0,-inf,inf,,0.0,0.0,0.0,0.0,0.0,0.0,0.0
KhulnaCentral_132kVtoKhulnaSouth_132kV_Line2,KhulnaCentral_132kV,KhulnaSouth_132kV,,1.28835,0.30785,0.0,0.0001035,412.907,0.0,False,0.0,inf,,1.0,0.0,,,0.0,True,0,inf,9.0,,1.0,1.0,-inf,inf,,0.0,0.0,0.0,0.0,0.0,0.0,0.0
KhulnaSouth_132kVtoSatkhira_132kV_Line1,KhulnaSouth_132kV,Satkhira_132kV,,10.02275,4.760724,0.0,0.00025756,162.785,0.0,False,0.0,inf,,1.0,0.0,,,0.0,True,0,inf,47.0,,1.0,1.0,-inf,inf,,0.0,0.0,0.0,0.0,0.0,0.0,0.0
KhulnaSouth_132kVtoSatkhira_132kV_Line2,KhulnaSouth_132kV,Satkhira_132kV,,10.02275,4.760724,0.0,0.00025756,162.785,0.0,False,0.0,inf,,1.0,0.0,,,0.0,True,0,inf,47.0,,1.0,1.0,-inf,inf,,0.0,0.0,0.0,0.0,0.0,0.0,0.0
Rajshahi_132kVtoNatore_132kV_Line2,Rajshahi_132kV,Natore_132kV,,8.53,4.05168,0.0,0.0002192,162.785,0.0,False,0.0,inf,,1.0,0.0,,,0.0,True,0,inf,40.0,,1.0,1.0,-inf,inf,,0.0,0.0,0.0,0.0,0.0,0.0,0.0
Rampura_132kVtoGulshan_132kV_Line1,Rampura_132kV,Gulshan_132kV,,0.91728,0.2576,0.0,2.8035e-05,171.473,0.0,False,0.0,inf,,1.0,0.0,,,0.0,True,0,inf,3.5,,1.0,1.0,-inf,inf,,0.0,0.0,0.0,0.0,0.0,0.0,0.0
Rampura_132kVtoGulshan_132kV_Line2,Rampura_132kV,Gulshan_132kV,,0.91728,0.2576,0.0,2.8035e-05,171.473,0.0,False,0.0,inf,,1.0,0.0,,,0.0,True,0,inf,3.5,,1.0,1.0,-inf,inf,,0.0,0.0,0.0,0.0,0.0,0.0,0.0
Sikalbaha_132kVtoBakulia_132kV_Line1,Sikalbaha_132kV,Bakulia_132kV,,0.853,0.405168,0.0,2.192e-05,162.785,0.0,False,0.0,inf,,1.0,0.0,,,0.0,True,0,inf,4.0,,1.0,1.0,-inf,inf,,0.0,0.0,0.0,0.0,0.0,0.0,0.0
Sikalbaha_132kVtoBakulia_132kV_Line2,Sikalbaha_132kV,Bakulia_132kV,,0.853,0.405168,0.0,2.192e-05,162.785,0.0,False,0.0,inf,,1.0,0.0,,,0.0,True,0,inf,4.0,,1.0,1.0,-inf,inf,,0.0,0.0,0.0,0.0,0.0,0.0,0.0
Juldah_132kVtoShahmirpur_132kV_Line1,Juldah_132kV,Shahmirpur_132kV,,1.2795,0.607752,0.0,3.288e-05,162.785,0.0,False,0.0,inf,,1.0,0.0,,,0.0,True,0,inf,6.0,,1.0,1.0,-inf,inf,,0.0,0.0,0.0,0.0,0.0,0.0,0.0
Juldah_132kVtoShahmirpur_132kV_Line2,Juldah_132kV,Shahmirpur_132kV,,1.2795,0.607752,0.0,3.288e-05,162.785,0.0,False,0.0,inf,,1.0,0.0,,,0.0,True,0,inf,6.0,,1.0,1.0,-inf,inf,,0.0,0.0,0.0,0.0,0.0,0.0,0.0
Khulshi_132kVtoBakulia_132kV_Line1,Khulshi_132kV,Bakulia_132kV,,3.19875,1.51938,0.0,8.22e-05,162.785,0.0,False,0.0,inf,,1.0,0.0,,,0.0,True,0,inf,15.0,,1.0,1.0,-inf,inf,,0.0,0.0,0.0,0.0,0.0,0.0,0.0
Khulshi_132kVtoMSML_132kV_Line1,Khulshi_132kV,MSML_132kV,,1.599375,0.75969,0.0,4.11e-05,162.785,0.0,False,0.0,inf,,1.0,0.0,,,0.0,True,0,inf,7.5,,1.0,1.0,-inf,inf,,0.0,0.0,0.0,0.0,0.0,0.0,0.0
MSML_132kVtoBakulia_132kV_Line1,MSML_132kV,Bakulia_132kV,,1.599375,0.75969,0.0,4.11e-05,162.785,0.0,False,0.0,inf,,1.0,0.0,,,0.0,True,0,inf,7.5,,1.0,1.0,-inf,inf,,0.0,0.0,0.0,0.0,0.0,0.0,0.0
Haripur_132kVtoManiknagar_132kV_Line1,Haripur_132kV,Maniknagar_132kV,,2.77225,1.316796,0.0,7.124e-05,162.785,0.0,False,0.0,inf,,1.0,0.0,,,0.0,True,0,inf,13.0,,1.0,1.0,-inf,inf,,0.0,0.0,0.0,0.0,0.0,0.0,0.0
Joydebpur_132kVtoKodda_132kV_Line1,Joydebpur_132kV,Kodda_132kV,,1.706,0.810336,0.0,4.384e-05,162.785,0.0,False,0.0,inf,,1.0,0.0,,,0.0,True,0,inf,8.0,,1.0,1.0,-inf,inf,,0.0,0.0,0.0,0.0,0.0,0.0,0.0
Joydebpur_132kVtoKodda_132kV_Line2,Joydebpur_132kV,Kodda_132kV,,1.706,0.810336,0.0,4.384e-05,162.785,0.0,False,0.0,inf,,1.0,0.0,,,0.0,True,0,inf,8.0,,1.0,1.0,-inf,inf,,0.0,0.0,0.0,0.0,0.0,0.0,0.0
Kodda_132kVtoKabirpur_132kV_Line1,Kodda_132kV,Kabirpur_132kV,,2.1325,1.01292,0.0,5.48e-05,162.785,0.0,False,0.0,inf,,1.0,0.0,,,0.0,True,0,inf,10.0,,1.0,1.0,-inf,inf,,0.0,0.0,0.0,0.0,0.0,0.0,0.0
Kodda_132kVtoKabirpur_132kV_Line2,Kodda_132kV,Kabirpur_132kV,,2.1325,1.01292,0.0,5.48e-05,162.785,0.0,False,0.0,inf,,1.0,0.0,,,0.0,True,0,inf,10.0,,1.0,1.0,-inf,inf,,0.0,0.0,0.0,0.0,0.0,0.0,0.0
Sikalbaha_132kVtoShahmirpur_132kV_Line1,Sikalbaha_132kV,Shahmirpur_132kV,,1.91925,0.911628,0.0,4.932e-05,162.785,0.0,False,0.0,inf,,1.0,0.0,,,0.0,True,0,inf,9.0,,1.0,1.0,-inf,inf,,0.0,0.0,0.0,0.0,0.0,0.0,0.0
Sikalbaha_132kVtoShahmirpur_132kV_Line2,Sikalbaha_132kV,Shahmirpur_132kV,,1.91925,0.911628,0.0,4.932e-05,162.785,0.0,False,0.0,inf,,1.0,0.0,,,0.0,True,0,inf,9.0,,1.0,1.0,-inf,inf,,0.0,0.0,0.0,0.0,0.0,0.0,0.0
Khulshi_132kVtoHalishahar_132kV_Line1,Khulshi_132kV,Halishahar_132kV,,2.77225,1.316796,0.0,7.124e-05,162.785,0.0,False,0.0,inf,,1.0,0.0,,,0.0,True,0,inf,13.0,,1.0,1.0,-inf,inf,,0.0,0.0,0.0,0.0,0.0,0.0,0.0
Khulshi_132kVtoHalishahar_132kV_Line2,Khulshi_132kV,Halishahar_132kV,,2.77225,1.316796,0.0,7.124e-05,162.785,0.0,False,0.0,inf,,1.0,0.0,,,0.0,True,0,inf,13.0,,1.0,1.0,-inf,inf,,0.0,0.0,0.0,0.0,0.0,0.0,0.0
Khulshi_132kVtoRampur_132kV_Line1,Khulshi_132kV,Rampur_132kV,,1.06625,0.50646,0.0,2.74e-05,162.785,0.0,False,0.0,inf,,1.0,0.0,,,0.0,True,0,inf,5.0,,1.0,1.0,-inf,inf,,0.0,0.0,0.0,0.0,0.0,0.0,0.0
Khulshi_132kVtoRampur_132kV_Line2,Khulshi_132kV,Rampur_132kV,,1.06625,0.50646,0.0,2.74e-05,162.785,0.0,False,0.0,inf,,1.0,0.0,,,0.0,True,0,inf,5.0,,1.0,1.0,-inf,inf,,0.0,0.0,0.0,0.0,0.0,0.0,0.0
Rampur_132kVtoHalishahar_132kV_Line1,Rampur_132kV,Halishahar_132kV,,1.91925,0.911628,0.0,4.932e-05,162.785,0.0,False,0.0,inf,,1.0,0.0,,,0.0,True,0,inf,9.0,,1.0,1.0,-inf,inf,,0.0,0.0,0.0,0.0,0.0,0.0,0.0
Rampur_132kVtoHalishahar_132kV_Line2,Rampur_132kV,Halishahar_132kV,,1.91925,0.911628,0.0,4.932e-05,162.785,0.0,False,0.0,inf,,1.0,0.0,,,0.0,True,0,inf,9.0,,1.0,1.0,-inf,inf,,0.0,0.0,0.0,0.0,0.0,0.0,0.0
BoguraSouth_132kVtoBogura_132kV_Line1,BoguraSouth_132kV,Bogura_132kV,,0.214725,0.051308,0.0,1.725e-05,412.907,0.0,False,0.0,inf,,1.0,0.0,,,0.0,True,0,inf,1.5,,1.0,1.0,-inf,inf,,0.0,0.0,0.0,0.0,0.0,0.0,0.0
BoguraSouth_132kVtoBogura_132kV_Line2,BoguraSouth_132kV,Bogura_132kV,,0.214725,0.051308,0.0,1.725e-05,412.907,0.0,False,0.0,inf,,1.0,0.0,,,0.0,True,0,inf,1.5,,1.0,1.0,-inf,inf,,0.0,0.0,0.0,0.0,0.0,0.0,0.0
Ashuganj_132kVtoShahjibazar_132kV_Line1,Ashuganj_132kV,Shahjibazar_132kV,,11.30225,5.368476,0.0,0.00029044,162.785,0.0,False,0.0,inf,,1.0,0.0,,,0.0,True,0,inf,53.0,,1.0,1.0,-inf,inf,,0.0,0.0,0.0,0.0,0.0,0.0,0.0
KhulnaSouth_132kVtoGallamari_132kV_Line1,KhulnaSouth_132kV,Gallamari_132kV,,0.853,0.405168,0.0,2.192e-05,162.785,0.0,False,0.0,inf,,1.0,0.0,,,0.0,True,0,inf,4.0,,1.0,1.0,-inf,inf,,0.0,0.0,0.0,0.0,0.0,0.0,0.0
KhulnaSouth_132kVtoGallamari_132kV_Line2,KhulnaSouth_132kV,Gallamari_132kV,,0.853,0.405168,0.0,2.192e-05,162.785,0.0,False,0.0,inf,,1.0,0.0,,,0.0,True,0,inf,4.0,,1.0,1.0,-inf,inf,,0.0,0.0,0.0,0.0,0.0,0.0,0.0
Naogaon_132kVtoNiamatpur_132kV_Line1,Naogaon_132kV,Niamatpur_132kV,,9.8095,4.659432,0.0,0.00025208,162.785,0.0,False,0.0,inf,,1.0,0.0,,,0.0,True,0,inf,46.0,,1.0,1.0,-inf,inf,,0.0,0.0,0.0,0.0,0.0,0.0,0.0
Aminbazar_132kVtoSavar_132kV_Line1,Aminbazar_132kV,Savar_132kV,,3.412,1.620672,0.0,8.768e-05,162.785,0.0,False,0.0,inf,,1.0,0.0,,,0.0,True,0,inf,16.0,,1.0,1.0,-inf,inf,,0.0,0.0,0.0,0.0,0.0,0.0,0.0
Aminbazar_132kVtoSavar_132kV_Line2,Aminbazar_132kV,Savar_132kV,,3.412,1.620672,0.0,8.768e-05,162.785,0.0,False,0.0,inf,,1.0,0.0,,,0.0,True,0,inf,16.0,,1.0,1.0,-inf,inf,,0.0,0.0,0.0,0.0,0.0,0.0,0.0
Jhenaidah_132kVtoMagura_132kV_Line1,Jhenaidah_132kV,Magura_132kV,,5.651125,2.684238,0.0,0.00014522,162.785,0.0,False,0.0,inf,,1.0,0.0,,,0.0,True,0,inf,26.5,,1.0,1.0,-inf,inf,,0.0,0.0,0.0,0.0,0.0,0.0,0.0
Jhenaidah_132kVtoMagura_132kV_Line2,Jhenaidah_132kV,Magura_132kV,,5.651125,2.684238,0.0,0.00014522,162.785,0.0,False,0.0,inf,,1.0,0.0,,,0.0,True,0,inf,26.5,,1.0,1.0,-inf,inf,,0.0,0.0,0.0,0.0,0.0,0.0,0.0
Jhenaidah_132kVtoJhenaidahSouth_132kV_Line1,Jhenaidah_132kV,JhenaidahSouth_132kV,,1.06625,0.50646,0.0,2.74e-05,162.785,0.0,False,0.0,inf,,1.0,0.0,,,0.0,True,0,inf,5.0,,1.0,1.0,-inf,inf,,0.0,0.0,0.0,0.0,0.0,0.0,0.0
JhenaidahSouth_132kVtoChuadanga_132kV_Line1,JhenaidahSouth_132kV,Chuadanga_132kV,,8.31675,3.950388,0.0,0.00021372,162.785,0.0,False,0.0,inf,,1.0,0.0,,,0.0,True,0,inf,39.0,,1.0,1.0,-inf,inf,,0.0,0.0,0.0,0.0,0.0,0.0,0.0
Naogaon_132kVtoJoypurhat_132kV_Line1,Naogaon_132kV,Joypurhat_132kV,,9.8095,4.659432,0.0,0.00025208,162.785,0.0,False,0.0,inf,,1.0,0.0,,,0.0,True,0,inf,46.0,,1.0,1.0,-inf,inf,,0.0,0.0,0.0,0.0,0.0,0.0,0.0
Naogaon_132kVtoJoypurhat_132kV_Line2,Naogaon_132kV,Joypurhat_132kV,,9.8095,4.659432,0.0,0.00025208,162.785,0.0,False,0.0,inf,,1.0,0.0,,,0.0,True,0,inf,46.0,,1.0,1.0,-inf,inf,,0.0,0.0,0.0,0.0,0.0,0.0,0.0
Thakurgaon_132kVtoPanchagarh_132kV_Line1,Thakurgaon_132kV,Panchagarh_132kV,,9.59625,4.55814,0.0,0.0002466,162.785,0.0,False,0.0,inf,,1.0,0.0,,,0.0,True,0,inf,45.0,,1.0,1.0,-inf,inf,,0.0,0.0,0.0,0.0,0.0,0.0,0.0
Thakurgaon_132kVtoPanchagarh_132kV_Line2,Thakurgaon_132kV,Panchagarh_132kV,,9.59625,4.55814,0.0,0.0002466,162.785,0.0,False,0.0,inf,,1.0,0.0,,,0.0,True,0,inf,45.0,,1.0,1.0,-inf,inf,,0.0,0.0,0.0,0.0,0.0,0.0,0.0
Sonargaon_132kVtoMeghnaghatRentalPP_132kV_Line1,Sonargaon_132kV,MeghnaghatRentalPP_132kV,,1.06625,0.50646,0.0,2.74e-05,162.785,0.0,False,0.0,inf,,1.0,0.0,,,0.0,True,0,inf,5.0,,1.0,1.0,-inf,inf,,0.0,0.0,0.0,0.0,0.0,0.0,0.0
Sonargaon_132kVtoMeghnaghatRentalPP_132kV_Line2,Sonargaon_132kV,MeghnaghatRentalPP_132kV,,1.06625,0.50646,0.0,2.74e-05,162.785,0.0,False,0.0,inf,,1.0,0.0,,,0.0,True,0,inf,5.0,,1.0,1.0,-inf,inf,,0.0,0.0,0.0,0.0,0.0,0.0,0.0
Siddhirganj_132kVtoSiddhirganjDutchBanglaPP_132kV_Line1,Siddhirganj_132kV,SiddhirganjDutchBanglaPP_132kV,,0.4265,0.202584,0.0,1.096e-05,162.785,0.0,False,0.0,inf,,1.0,0.0,,,0.0,True,0,inf,2.0,,1.0,1.0,-inf,inf,,0.0,0.0,0.0,0.0,0.0,0.0,0.0
Noapara_132kVtoNoaparaPP_132kV_Line1,Noapara_132kV,NoaparaPP_132kV,,0.4265,0.202584,0.0,1.096e-05,162.785,0.0,False,0.0,inf,,1.0,0.0,,,0.0,True,0,inf,2.0,,1.0,1.0,-inf,inf,,0.0,0.0,0.0,0.0,0.0,0.0,0.0
Daudkandi_132kVtoDaudkandiPP_132kV_Line1,Daudkandi_132kV,DaudkandiPP_132kV,,0.21325,0.101292,0.0,5.48e-06,162.785,0.0,False,0.0,inf,,1.0,0.0,,,0.0,True,0,inf,1.0,,1.0,1.0,-inf,inf,,0.0,0.0,0.0,0.0,0.0,0.0,0.0
Gopalganj_132kVtoGopalganjPP_132kV_Line1,Gopalganj_132kV,GopalganjPP_132kV,,0.21325,0.101292,0.0,5.48e-06,162.785,0.0,False,0.0,inf,,1.0,0.0,,,0.0,True,0,inf,1.0,,1.0,1.0,-inf,inf,,0.0,0.0,0.0,0.0,0.0,0.0,0.0
Siddhirganj_132kVtoSiddhirganjDeshEnergyPP_132kV_Line1,Siddhirganj_132kV,SiddhirganjDeshEnergyPP_132kV,,0.63975,0.303876,0.0,1.644e-05,162.785,0.0,False,0.0,inf,,1.0,0.0,,,0.0,True,0,inf,3.0,,1.0,1.0,-inf,inf,,0.0,0.0,0.0,0.0,0.0,0.0,0.0
Faridpur_132kVtoFaridpurPP_132kV_Line1,Faridpur_132kV,FaridpurPP_132kV,,0.21325,0.101292,0.0,5.48e-06,162.785,0.0,False,0.0,inf,,1.0,0.0,,,0.0,True,0,inf,1.0,,1.0,1.0,-inf,inf,,0.0,0.0,0.0,0.0,0.0,0.0,0.0
Baghabari_132kVtoSathia_132kV_Line1,Baghabari_132kV,Sathia_132kV,,2.34575,1.114212,0.0,6.028e-05,162.785,0.0,False,0.0,inf,,1.0,0.0,,,0.0,True,0,inf,11.0,,1.0,1.0,-inf,inf,,0.0,0.0,0.0,0.0,0.0,0.0,0.0
Sathia_132kVtoBeraPP_132kV_Line1,Sathia_132kV,BeraPP_132kV,,1.06625,0.50646,0.0,2.74e-05,162.785,0.0,False,0.0,inf,,1.0,0.0,,,0.0,True,0,inf,5.0,,1.0,1.0,-inf,inf,,0.0,0.0,0.0,0.0,0.0,0.0,0.0
BeraPP_132kVtoIshwardi_132kV_Line1,BeraPP_132kV,Ishwardi_132kV,,14.28775,6.786564,0.0,0.00036716,162.785,0.0,False,0.0,inf,,1.0,0.0,,,0.0,True,0,inf,67.0,,1.0,1.0,-inf,inf,,0.0,0.0,0.0,0.0,0.0,0.0,0.0
RajshahiNorth_132kVtoChapaiNawabganj_132kV_Line1,RajshahiNorth_132kV,ChapaiNawabganj_132kV,,9.59625,4.55814,0.0,0.0002466,162.785,0.0,False,0.0,inf,,1.0,0.0,,,0.0,True,0,inf,45.0,,1.0,1.0,-inf,inf,,0.0,0.0,0.0,0.0,0.0,0.0,0.0
RajshahiNorth_132kVtoAmnura_132kV_Line1,RajshahiNorth_132kV,Amnura_132kV,,6.3975,3.03876,0.0,0.0001644,162.785,0.0,False,0.0,inf,,1.0,0.0,,,0.0,True,0,inf,30.0,,1.0,1.0,-inf,inf,,0.0,0.0,0.0,0.0,0.0,0.0,0.0
Amnura_132kVtoChapaiNawabganj_132kV_Line1,Amnura_132kV,ChapaiNawabganj_132kV,,2.77225,1.316796,0.0,7.124e-05,162.785,0.0,False,0.0,inf,,1.0,0.0,,,0.0,True,0,inf,13.0,,1.0,1.0,-inf,inf,,0.0,0.0,0.0,0.0,0.0,0.0,0.0
Madanganj_132kVtoMunshiganj_132kV_Line1,Madanganj_132kV,Munshiganj_132kV,,0.853,0.405168,0.0,2.192e-05,162.785,0.0,False,0.0,inf,,1.0,0.0,,,0.0,True,0,inf,4.0,,1.0,1.0,-inf,inf,,0.0,0.0,0.0,0.0,0.0,0.0,0.0
Madanganj_132kVtoMunshiganj_132kV_Line2,Madanganj_132kV,Munshiganj_132kV,,0.853,0.405168,0.0,2.192e-05,162.785,0.0,False,0.0,inf,,1.0,0.0,,,0.0,True,0,inf,4.0,,1.0,1.0,-inf,inf,,0.0,0.0,0.0,0.0,0.0,0.0,0.0
Agargaon_132kVtoCantonment_132kV_Line1,Agargaon_132kV,Cantonment_132kV,,1.83456,0.5152,0.0,5.607e-05,171.473,0.0,False,0.0,inf,,1.0,0.0,,,0.0,True,0,inf,7.0,,1.0,1.0,-inf,inf,,0.0,0.0,0.0,0.0,0.0,0.0,0.0
Agargaon_132kVtoCantonment_132kV_Line2,Agargaon_132kV,Cantonment_132kV,,1.83456,0.5152,0.0,5.607e-05,171.473,0.0,False,0.0,inf,,1.0,0.0,,,0.0,True,0,inf,7.0,,1.0,1.0,-inf,inf,,0.0,0.0,0.0,0.0,0.0,0.0,0.0
Fenchuganj_132kVtoKulaura_132kV_Line1,Fenchuganj_132kV,Kulaura_132kV,,5.33125,2.5323,0.0,0.000137,162.785,0.0,False,0.0,inf,,1.0,0.0,,,0.0,True,0,inf,25.0,,1.0,1.0,-inf,inf,,0.0,0.0,0.0,0.0,0.0,0.0,0.0
Fenchuganj_132kVtoKulaura_132kV_Line2,Fenchuganj_132kV,Kulaura_132kV,,5.33125,2.5323,0.0,0.000137,162.785,0.0,False,0.0,inf,,1.0,0.0,,,0.0,True,0,inf,25.0,,1.0,1.0,-inf,inf,,0.0,0.0,0.0,0.0,0.0,0.0,0.0
Jamalpur_132kVtoUnitedPP_132kV_Line1,Jamalpur_132kV,UnitedPP_132kV,,1.06625,0.50646,0.0,2.74e-05,162.785,0.0,False,0.0,inf,,1.0,0.0,,,0.0,True,0,inf,5.0,,1.0,1.0,-inf,inf,,0.0,0.0,0.0,0.0,0.0,0.0,0.0
Jamalpur_132kVtoUnitedPP_132kV_Line2,Jamalpur_132kV,UnitedPP_132kV,,1.06625,0.50646,0.0,2.74e-05,162.785,0.0,False,0.0,inf,,1.0,0.0,,,0.0,True,0,inf,5.0,,1.0,1.0,-inf,inf,,0.0,0.0,0.0,0.0,0.0,0.0,0.0
UnitedPP_132kVtoSherpur_132kV_Line1,UnitedPP_132kV,Sherpur_132kV,,3.19875,1.51938,0.0,8.22e-05,162.785,0.0,False,0.0,inf,,1.0,0.0,,,0.0,True,0,inf,15.0,,1.0,1.0,-inf,inf,,0.0,0.0,0.0,0.0,0.0,0.0,0.0
UnitedPP_132kVtoSherpur_132kV_Line2,UnitedPP_132kV,Sherpur_132kV,,3.19875,1.51938,0.0,8.22e-05,162.785,0.0,False,0.0,inf,,1.0,0.0,,,0.0,True,0,inf,15.0,,1.0,1.0,-inf,inf,,0.0,0.0,0.0,0.0,0.0,0.0,0.0
Agargaon_132kVtoSatmasjid_132kV_Line1,Agargaon_132kV,Satmasjid_132kV,,2.22768,0.6256,0.0,6.8085e-05,171.473,0.0,False,0.0,inf,,1.0,0.0,,,0.0,True,0,inf,8.5,,1.0,1.0,-inf,inf,,0.0,0.0,0.0,0.0,0.0,0.0,0.0
Agargaon_132kVtoSatmasjid_132kV_Line2,Agargaon_132kV,Satmasjid_132kV,,2.22768,0.6256,0.0,6.8085e-05,171.473,0.0,False,0.0,inf,,1.0,0.0,,,0.0,True,0,inf,8.5,,1.0,1.0,-inf,inf,,0.0,0.0,0.0,0.0,0.0,0.0,0.0
Rampura_132kVtoMadartek_132kV_Line1,Rampura_132kV,Madartek_132kV,,1.17936,0.3312,0.0,3.6045e-05,171.473,0.0,False,0.0,inf,,1.0,0.0,,,0.0,True,0,inf,4.5,,1.0,1.0,-inf,inf,,0.0,0.0,0.0,0.0,0.0,0.0,0.0
Rampura_132kVtoMadartek_132kV_Line2,Rampura_132kV,Madartek_132kV,,1.17936,0.3312,0.0,3.6045e-05,171.473,0.0,False,0.0,inf,,1.0,0.0,,,0.0,True,0,inf,4.5,,1.0,1.0,-inf,inf,,0.0,0.0,0.0,0.0,0.0,0.0,0.0
CumillaNorth_132kVtoCumillaSouth_132kV_Line2,CumillaNorth_132kV,CumillaSouth_132kV,,4.05175,1.924548,0.0,0.00010412,162.785,0.0,False,0.0,inf,,1.0,0.0,,,0.0,True,0,inf,19.0,,1.0,1.0,-inf,inf,,0.0,0.0,0.0,0.0,0.0,0.0,0.0
CumillaNorth_132kVtoCumillaSouth_132kV_Line3,CumillaNorth_132kV,CumillaSouth_132kV,,4.05175,1.924548,0.0,0.00010412,162.785,0.0,False,0.0,inf,,1.0,0.0,,,0.0,True,0,inf,19.0,,1.0,1.0,-inf,inf,,0.0,0.0,0.0,0.0,0.0,0.0,0.0
Goalpara_132kVtoBagerhat_132kV_Line1,Goalpara_132kV,Bagerhat_132kV,,9.59625,4.55814,0.0,0.0002466,162.785,0.0,False,0.0,inf,,1.0,0.0,,,0.0,True,0,inf,45.0,,1.0,1.0,-inf,inf,,0.0,0.0,0.0,0.0,0.0,0.0,0.0
Goalpara_132kVtoLabancharaPP_132kV_Line1,Goalpara_132kV,LabancharaPP_132kV,,4.798125,2.27907,0.0,0.0001233,162.785,0.0,False,0.0,inf,,1.0,0.0,,,0.0,True,0,inf,22.5,,1.0,1.0,-inf,inf,,0.0,0.0,0.0,0.0,0.0,0.0,0.0
LabancharaPP_132kVtotoBagerhat_132kV_Line1,LabancharaPP_132kV,Bagerhat_132kV,,4.798125,2.27907,0.0,0.0001233,162.785,0.0,False,0.0,inf,,1.0,0.0,,,0.0,True,0,inf,22.5,,1.0,1.0,-inf,inf,,0.0,0.0,0.0,0.0,0.0,0.0,0.0
Kabirpur_132kVtoKaliakoir_132kV_Line1,Kabirpur_132kV,Kaliakoir_132kV,,2.559,1.215504,0.0,6.576e-05,162.785,0.0,False,0.0,inf,,1.0,0.0,,,0.0,True,0,inf,12.0,,1.0,1.0,-inf,inf,,0.0,0.0,0.0,0.0,0.0,0.0,0.0
Kabirpur_132kVtoKaliakoir_132kV_Line2,Kabirpur_132kV,Kaliakoir_132kV,,2.559,1.215504,0.0,6.576e-05,162.785,0.0,False,0.0,inf,,1.0,0.0,,,0.0,True,0,inf,12.0,,1.0,1.0,-inf,inf,,0.0,0.0,0.0,0.0,0.0,0.0,0.0
Mirzapur_132kVtoTangail_132kV_Line1,Mirzapur_132kV,Tangail_132kV,,19.938875,9.470802,0.0,0.00051238,162.785,0.0,False,0.0,inf,,1.0,0.0,,,0.0,True,0,inf,93.5,,1.0,1.0,-inf,inf,,0.0,0.0,0.0,0.0,0.0,0.0,0.0
Mirzapur_132kVtoTangail_132kV_Line2,Mirzapur_132kV,Tangail_132kV,,19.938875,9.470802,0.0,0.00051238,162.785,0.0,False,0.0,inf,,1.0,0.0,,,0.0,True,0,inf,93.5,,1.0,1.0,-inf,inf,,0.0,0.0,0.0,0.0,0.0,0.0,0.0
Tangail_132kVtoGhatail_132kV_Line1,Tangail_132kV,Ghatail_132kV,,7.03725,3.342636,0.0,0.00018084,162.785,0.0,False,0.0,inf,,1.0,0.0,,,0.0,True,0,inf,33.0,,1.0,1.0,-inf,inf,,0.0,0.0,0.0,0.0,0.0,0.0,0.0
Tangail_132kVtoGhatail_132kV_Line2,Tangail_132kV,Ghatail_132kV,,7.03725,3.342636,0.0,0.00018084,162.785,0.0,False,0.0,inf,,1.0,0.0,,,0.0,True,0,inf,33.0,,1.0,1.0,-inf,inf,,0.0,0.0,0.0,0.0,0.0,0.0,0.0
Ghatail_132kVtoMukhtagacha_132kV_Line1,Ghatail_132kV,Mukhtagacha_132kV,,8.9565,4.254264,0.0,0.00023016,162.785,0.0,False,0.0,inf,,1.0,0.0,,,0.0,True,0,inf,42.0,,1.0,1.0,-inf,inf,,0.0,0.0,0.0,0.0,0.0,0.0,0.0
Ghatail_132kVtoMukhtagacha_132kV_Line2,Ghatail_132kV,Mukhtagacha_132kV,,8.9565,4.254264,0.0,0.00023016,162.785,0.0,False,0.0,inf,,1.0,0.0,,,0.0,True,0,inf,42.0,,1.0,1.0,-inf,inf,,0.0,0.0,0.0,0.0,0.0,0.0,0.0
Mukhtagacha_132kVtoRPCLPP_132kV_Line1,Mukhtagacha_132kV,RPCLPP_132kV,,2.559,1.215504,0.0,6.576e-05,162.785,0.0,False,0.0,inf,,1.0,0.0,,,0.0,True,0,inf,12.0,,1.0,1.0,-inf,inf,,0.0,0.0,0.0,0.0,0.0,0.0,0.0
Mukhtagacha_132kVtoRPCLPP_132kV_Line2,Mukhtagacha_132kV,RPCLPP_132kV,,2.559,1.215504,0.0,6.576e-05,162.785,0.0,False,0.0,inf,,1.0,0.0,,,0.0,True,0,inf,12.0,,1.0,1.0,-inf,inf,,0.0,0.0,0.0,0.0,0.0,0.0,0.0
RPCLPP_132kVtoMymensingh_132kV_Line1,RPCLPP_132kV,Mymensingh_132kV,,0.853,0.405168,0.0,2.192e-05,162.785,0.0,False,0.0,inf,,1.0,0.0,,,0.0,True,0,inf,4.0,,1.0,1.0,-inf,inf,,0.0,0.0,0.0,0.0,0.0,0.0,0.0
RPCLPP_132kVtoMymensingh_132kV_Line2,RPCLPP_132kV,Mymensingh_132kV,,0.853,0.405168,0.0,2.192e-05,162.785,0.0,False,0.0,inf,,1.0,0.0,,,0.0,True,0,inf,4.0,,1.0,1.0,-inf,inf,,0.0,0.0,0.0,0.0,0.0,0.0,0.0
Kaliakoir_132kVtoDhamrai_132kV_Line1,Kaliakoir_132kV,Dhamrai_132kV,,4.798125,2.27907,0.0,0.0001233,162.785,0.0,False,0.0,inf,,1.0,0.0,,,0.0,True,0,inf,22.5,,1.0,1.0,-inf,inf,,0.0,0.0,0.0,0.0,0.0,0.0,0.0
Kaliakoir_132kVoDhamrai_132kV_Line2,Kaliakoir_132kV,Dhamrai_132kV,,4.798125,2.27907,0.0,0.0001233,162.785,0.0,False,0.0,inf,,1.0,0.0,,,0.0,True,0,inf,22.5,,1.0,1.0,-inf,inf,,0.0,0.0,0.0,0.0,0.0,0.0,0.0
Rangamati_132kVtoKhagrachari_132kV_Line1,Rangamati_132kV,Khagrachari_132kV,,11.195625,5.31783,0.0,0.0002877,162.785,0.0,False,0.0,inf,,1.0,0.0,,,0.0,True,0,inf,52.5,,1.0,1.0,-inf,inf,,0.0,0.0,0.0,0.0,0.0,0.0,0.0
Rangamati_132kVtoKhagrachari_132kV_Line2,Rangamati_132kV,Khagrachari_132kV,,11.195625,5.31783,0.0,0.0002877,162.785,0.0,False,0.0,inf,,1.0,0.0,,,0.0,True,0,inf,52.5,,1.0,1.0,-inf,inf,,0.0,0.0,0.0,0.0,0.0,0.0,0.0
Chandraghona_132kVtoRangamati_132kV_Line1,Chandraghona_132kV,Rangamati_132kV,,5.864375,2.78553,0.0,0.0001507,162.785,0.0,False,0.0,inf,,1.0,0.0,,,0.0,True,0,inf,27.5,,1.0,1.0,-inf,inf,,0.0,0.0,0.0,0.0,0.0,0.0,0.0
Chandraghona_132kVtoRangamati_132kV_Line2,Chandraghona_132kV,Rangamati_132kV,,5.864375,2.78553,0.0,0.0001507,162.785,0.0,False,0.0,inf,,1.0,0.0,,,0.0,True,0,inf,27.5,,1.0,1.0,-inf,inf,,0.0,0.0,0.0,0.0,0.0,0.0,0.0
Chhatak_132kVtoSunamganj_132kV_Line1,Chhatak_132kV,Sunamganj_132kV,,6.824,3.241344,0.0,0.00017536,162.785,0.0,False,0.0,inf,,1.0,0.0,,,0.0,True,0,inf,32.0,,1.0,1.0,-inf,inf,,0.0,0.0,0.0,0.0,0.0,0.0,0.0
Chhatak_132kVtoSunamganj_132kV_Line2,Chhatak_132kV,Sunamganj_132kV,,6.824,3.241344,0.0,0.00017536,162.785,0.0,False,0.0,inf,,1.0,0.0,,,0.0,True,0,inf,32.0,,1.0,1.0,-inf,inf,,0.0,0.0,0.0,0.0,0.0,0.0,0.0
Beanibazar_132kVtoSylhetSouth_132kV_Line1,Beanibazar_132kV,SylhetSouth_132kV,,6.3975,3.03876,0.0,0.0001644,162.785,0.0,False,0.0,inf,,1.0,0.0,,,0.0,True,0,inf,30.0,,1.0,1.0,-inf,inf,,0.0,0.0,0.0,0.0,0.0,0.0,0.0
Beanibazar_132kVtoSylhetSouth_132kV_Line2,Beanibazar_132kV,SylhetSouth_132kV,,6.3975,3.03876,0.0,0.0001644,162.785,0.0,False,0.0,inf,,1.0,0.0,,,0.0,True,0,inf,30.0,,1.0,1.0,-inf,inf,,0.0,0.0,0.0,0.0,0.0,0.0,0.0
Mirpur_132kVtoUttara3P_132kV_Line1,Mirpur_132kV,Uttara3P_132kV,,1.06625,0.50646,0.0,2.74e-05,162.785,0.0,False,0.0,inf,,1.0,0.0,,,0.0,True,0,inf,5.0,,1.0,1.0,-inf,inf,,0.0,0.0,0.0,0.0,0.0,0.0,0.0
Uttara 3P_132kVtoTongi_132kV_Line1,Uttara 3P_132kV,Tongi_132kV,,0.4265,0.202584,0.0,1.096e-05,162.785,0.0,False,0.0,inf,,1.0,0.0,,,0.0,True,0,inf,2.0,,1.0,1.0,-inf,inf,,0.0,0.0,0.0,0.0,0.0,0.0,0.0
MatarbariTConnection_132kVtoMatarbari_132kV_Line1,MatarbariTConnection_132kV,Matarbari_132kV,,3.8385,1.823256,0.0,9.864e-05,162.785,0.0,False,0.0,inf,,1.0,0.0,,,0.0,True,0,inf,18.0,,1.0,1.0,-inf,inf,,0.0,0.0,0.0,0.0,0.0,0.0,0.0
Feni_132kVtoBaroirhat_132kV_Line1,Feni_132kV,Baroirhat_132kV,,6.077625,2.886822,0.0,0.00015618,162.785,0.0,False,0.0,inf,,1.0,0.0,,,0.0,True,0,inf,28.5,,1.0,1.0,-inf,inf,,0.0,0.0,0.0,0.0,0.0,0.0,0.0
Feni_132kVtoPHP_132kV_Line1,Feni_132kV,PHP_132kV,,3.62525,1.721964,0.0,9.316e-05,162.785,0.0,False,0.0,inf,,1.0,0.0,,,0.0,True,0,inf,17.0,,1.0,1.0,-inf,inf,,0.0,0.0,0.0,0.0,0.0,0.0,0.0
PHP_132kVtoBaroirhat_132kV_Line1,PHP_132kV,Baroirhat_132kV,,2.452375,1.164858,0.0,6.302e-05,162.785,0.0,False,0.0,inf,,1.0,0.0,,,0.0,True,0,inf,11.5,,1.0,1.0,-inf,inf,,0.0,0.0,0.0,0.0,0.0,0.0,0.0
Brahmanbaria_132kVtoNarsingdi_132kV_Line1,Brahmanbaria_132kV,Narsingdi_132kV,,11.72875,5.57106,0.0,0.0003014,162.785,0.0,False,0.0,inf,,1.0,0.0,,,0.0,True,0,inf,55.0,,1.0,1.0,-inf,inf,,0.0,0.0,0.0,0.0,0.0,0.0,0.0
Brahmanbaria_132kVtoNarsingdi_132kV_Line2,Brahmanbaria_132kV,Narsingdi_132kV,,11.72875,5.57106,0.0,0.0003014,162.785,0.0,False,0.0,inf,,1.0,0.0,,,0.0,True,0,inf,55.0,,1.0,1.0,-inf,inf,,0.0,0.0,0.0,0.0,0.0,0.0,0.0
Saidpur_132kVtoJaldhaka_132kV_Line1,Saidpur_132kV,Jaldhaka_132kV,,6.3975,3.03876,0.0,0.0001644,162.785,0.0,False,0.0,inf,,1.0,0.0,,,0.0,True,0,inf,30.0,,1.0,1.0,-inf,inf,,0.0,0.0,0.0,0.0,0.0,0.0,0.0
Saidpur_132kVtoJaldhaka_132kV_Line2,Saidpur_132kV,Jaldhaka_132kV,,6.3975,3.03876,0.0,0.0001644,162.785,0.0,False,0.0,inf,,1.0,0.0,,,0.0,True,0,inf,30.0,,1.0,1.0,-inf,inf,,0.0,0.0,0.0,0.0,0.0,0.0,0.0
Rooppur_132kVtoIshwardi_132kV_Line1,Rooppur_132kV,Ishwardi_132kV,,1.49275,0.709044,0.0,3.836e-05,162.785,0.0,False,0.0,inf,,1.0,0.0,,,0.0,True,0,inf,7.0,,1.0,1.0,-inf,inf,,0.0,0.0,0.0,0.0,0.0,0.0,0.0
Rooppur_132kVtoIshwardi_132kV_Line2,Rooppur_132kV,Ishwardi_132kV,,1.49275,0.709044,0.0,3.836e-05,162.785,0.0,False,0.0,inf,,1.0,0.0,,,0.0,True,0,inf,7.0,,1.0,1.0,-inf,inf,,0.0,0.0,0.0,0.0,0.0,0.0,0.0
Mymensingh_132kVtoBhaluka_132kV_Line1,Mymensingh_132kV,Bhaluka_132kV,,9.16975,4.355556,0.0,0.00023564,162.785,0.0,False,0.0,inf,,1.0,0.0,,,0.0,True,0,inf,43.0,,1.0,1.0,-inf,inf,,0.0,0.0,0.0,0.0,0.0,0.0,0.0
Mymensingh_132kVtoBhaluka_132kV_Line2,Mymensingh_132kV,Bhaluka_132kV,,9.16975,4.355556,0.0,0.00023564,162.785,0.0,False,0.0,inf,,1.0,0.0,,,0.0,True,0,inf,43.0,,1.0,1.0,-inf,inf,,0.0,0.0,0.0,0.0,0.0,0.0,0.0
MadhumatiPP_132kVtoGopalganj_132kV_Line1,MadhumatiPP_132kV,Gopalganj_132kV,,3.19875,1.51938,0.0,8.22e-05,162.785,0.0,False,0.0,inf,,1.0,0.0,,,0.0,True,0,inf,15.0,,1.0,1.0,-inf,inf,,0.0,0.0,0.0,0.0,0.0,0.0,0.0
Jashore_132kVtoBenapole_132kV_Line1,Jashore_132kV,Benapole_132kV,,6.504125,3.089406,0.0,0.00016714,162.785,0.0,False,0.0,inf,,1.0,0.0,,,0.0,True,0,inf,30.5,,1.0,1.0,-inf,inf,,0.0,0.0,0.0,0.0,0.0,0.0,0.0
Jashore_132kVtoBenapole_132kV_Line2,Jashore_132kV,Benapole_132kV,,6.504125,3.089406,0.0,0.00016714,162.785,0.0,False,0.0,inf,,1.0,0.0,,,0.0,True,0,inf,30.5,,1.0,1.0,-inf,inf,,0.0,0.0,0.0,0.0,0.0,0.0,0.0
Madaripur_132kVtoShariatpur_132kV_Line1,Madaripur_132kV,Shariatpur_132kV,,4.6915,2.228424,0.0,0.00012056,162.785,0.0,False,0.0,inf,,1.0,0.0,,,0.0,True,0,inf,22.0,,1.0,1.0,-inf,inf,,0.0,0.0,0.0,0.0,0.0,0.0,0.0
Madaripur_132kVtoShariatpur_132kV_Line2,Madaripur_132kV,Shariatpur_132kV,,4.6915,2.228424,0.0,0.00012056,162.785,0.0,False,0.0,inf,,1.0,0.0,,,0.0,True,0,inf,22.0,,1.0,1.0,-inf,inf,,0.0,0.0,0.0,0.0,0.0,0.0,0.0
Rangpur_132kVtoKurigram_132kV_Line1,Rangpur_132kV,Kurigram_132kV,,8.74325,4.152972,0.0,0.00022468,162.785,0.0,False,0.0,inf,,1.0,0.0,,,0.0,True,0,inf,41.0,,1.0,1.0,-inf,inf,,0.0,0.0,0.0,0.0,0.0,0.0,0.0
Magura_132kVtoNarail_132kV_Line1,Magura_132kV,Narail_132kV,,8.423375,4.001034,0.0,0.00021646,162.785,0.0,False,0.0,inf,,1.0,0.0,,,0.0,True,0,inf,39.5,,1.0,1.0,-inf,inf,,0.0,0.0,0.0,0.0,0.0,0.0,0.0
Magura_132kVtoNarail_132kV_Line2,Magura_132kV,Narail_132kV,,8.423375,4.001034,0.0,0.00021646,162.785,0.0,False,0.0,inf,,1.0,0.0,,,0.0,True,0,inf,39.5,,1.0,1.0,-inf,inf,,0.0,0.0,0.0,0.0,0.0,0.0,0.0
BoguraSouth_132kVtoSherpur(B)_132kV_Line1,BoguraSouth_132kV,Sherpur(B)_132kV,,5.118,2.431008,0.0,0.00013152,162.785,0.0,False,0.0,inf,,1.0,0.0,,,0.0,True,0,inf,24.0,,1.0,1.0,-inf,inf,,0.0,0.0,0.0,0.0,0.0,0.0,0.0
BoguraSouth_132kVtoSherpur(B)_132kV_Line2,BoguraSouth_132kV,Sherpur(B)_132kV,,5.118,2.431008,0.0,0.00013152,162.785,0.0,False,0.0,inf,,1.0,0.0,,,0.0,True,0,inf,24.0,,1.0,1.0,-inf,inf,,0.0,0.0,0.0,0.0,0.0,0.0,0.0
Sherpur(B)_132kVtoSirajganj_132kV_Line1,Sherpur(B)_132kV,Sirajganj_132kV,,7.03725,3.342636,0.0,0.00018084,162.785,0.0,False,0.0,inf,,1.0,0.0,,,0.0,True,0,inf,33.0,,1.0,1.0,-inf,inf,,0.0,0.0,0.0,0.0,0.0,0.0,0.0
Sherpur(B)_132kVtoSirajganj_132kV_Line2,Sherpur(B)_132kV,Sirajganj_132kV,,7.03725,3.342636,0.0,0.00018084,162.785,0.0,False,0.0,inf,,1.0,0.0,,,0.0,True,0,inf,33.0,,1.0,1.0,-inf,inf,,0.0,0.0,0.0,0.0,0.0,0.0,0.0
Rampura_132kVtoAftabnagar_132kV_Line1,Rampura_132kV,Aftabnagar_132kV,,0.91728,0.2576,0.0,2.8035e-05,171.473,0.0,False,0.0,inf,,1.0,0.0,,,0.0,True,0,inf,3.5,,1.0,1.0,-inf,inf,,0.0,0.0,0.0,0.0,0.0,0.0,0.0
Rampura_132kVtoAftabnagar_132kV_Line2,Rampura_132kV,Aftabnagar_132kV,,0.91728,0.2576,0.0,2.8035e-05,171.473,0.0,False,0.0,inf,,1.0,0.0,,,0.0,True,0,inf,3.5,,1.0,1.0,-inf,inf,,0.0,0.0,0.0,0.0,0.0,0.0,0.0
CumillaSouth_132kVtoChauddagram_132kV_Line1,CumillaSouth_132kV,Chauddagram_132kV,,6.18425,2.937468,0.0,0.00015892,162.785,0.0,False,0.0,inf,,1.0,0.0,,,0.0,True,0,inf,29.0,,1.0,1.0,-inf,inf,,0.0,0.0,0.0,0.0,0.0,0.0,0.0
CumillaSouth_132kVtoChauddagram_132kV_Line2,CumillaSouth_132kV,Chauddagram_132kV,,6.18425,2.937468,0.0,0.00015892,162.785,0.0,False,0.0,inf,,1.0,0.0,,,0.0,True,0,inf,29.0,,1.0,1.0,-inf,inf,,0.0,0.0,0.0,0.0,0.0,0.0,0.0
Chauddagram_132kVtoFeniNorth_132kV_Line1,Chauddagram_132kV,FeniNorth_132kV,,5.33125,2.5323,0.0,0.000137,162.785,0.0,False,0.0,inf,,1.0,0.0,,,0.0,True,0,inf,25.0,,1.0,1.0,-inf,inf,,0.0,0.0,0.0,0.0,0.0,0.0,0.0
Chauddagram_132kVtoFeniNorth_132kV_Line2,Chauddagram_132kV,FeniNorth_132kV,,5.33125,2.5323,0.0,0.000137,162.785,0.0,False,0.0,inf,,1.0,0.0,,,0.0,True,0,inf,25.0,,1.0,1.0,-inf,inf,,0.0,0.0,0.0,0.0,0.0,0.0,0.0
FeniNorth_132kVtoFeni_132kV_Line1,FeniNorth_132kV,Feni_132kV,,0.853,0.405168,0.0,2.192e-05,162.785,0.0,False,0.0,inf,,1.0,0.0,,,0.0,True,0,inf,4.0,,1.0,1.0,-inf,inf,,0.0,0.0,0.0,0.0,0.0,0.0,0.0
FeniNorth_132kVtoFeni_132kV_Line2,FeniNorth_132kV,Feni_132kV,,0.853,0.405168,0.0,2.192e-05,162.785,0.0,False,0.0,inf,,1.0,0.0,,,0.0,True,0,inf,4.0,,1.0,1.0,-inf,inf,,0.0,0.0,0.0,0.0,0.0,0.0,0.0
Kodda_132kVtoRajendrapur_132kV_Line1,Kodda_132kV,Rajendrapur_132kV,,5.224625,2.481654,0.0,0.00013426,162.785,0.0,False,0.0,inf,,1.0,0.0,,,0.0,True,0,inf,24.5,,1.0,1.0,-inf,inf,,0.0,0.0,0.0,0.0,0.0,0.0,0.0
Kodda_132kVtoRajendrapur_132kV_Line2,Kodda_132kV,Rajendrapur_132kV,,5.224625,2.481654,0.0,0.00013426,162.785,0.0,False,0.0,inf,,1.0,0.0,,,0.0,True,0,inf,24.5,,1.0,1.0,-inf,inf,,0.0,0.0,0.0,0.0,0.0,0.0,0.0
Rampur_132kVtoAgrabad_132kV_Line1,Rampur_132kV,Agrabad_132kV,,1.17936,0.3312,0.0,3.6045e-05,171.473,0.0,False,0.0,inf,,1.0,0.0,,,0.0,True,0,inf,4.5,,1.0,1.0,-inf,inf,,0.0,0.0,0.0,0.0,0.0,0.0,0.0
Rampur_132kVtoAgrabad_132kV_Line2,Rampur_132kV,Agrabad_132kV,,1.17936,0.3312,0.0,3.6045e-05,171.473,0.0,False,0.0,inf,,1.0,0.0,,,0.0,True,0,inf,4.5,,1.0,1.0,-inf,inf,,0.0,0.0,0.0,0.0,0.0,0.0,0.0
Keraniganj_132kVtoSrinagar_132kV_Line1,Keraniganj_132kV,Srinagar_132kV,,3.412,1.620672,0.0,8.768e-05,162.785,0.0,False,0.0,inf,,1.0,0.0,,,0.0,True,0,inf,16.0,,1.0,1.0,-inf,inf,,0.0,0.0,0.0,0.0,0.0,0.0,0.0
Keraniganj_132kVtoSrinagar_132kV_Line2,Keraniganj_132kV,Srinagar_132kV,,3.412,1.620672,0.0,8.768e-05,162.785,0.0,False,0.0,inf,,1.0,0.0,,,0.0,True,0,inf,16.0,,1.0,1.0,-inf,inf,,0.0,0.0,0.0,0.0,0.0,0.0,0.0
Keraniganj_132kVtoNawabganj_132kV_Line1,Keraniganj_132kV,Nawabganj_132kV,,5.75775,2.734884,0.0,0.00014796,162.785,0.0,False,0.0,inf,,1.0,0.0,,,0.0,True,0,inf,27.0,,1.0,1.0,-inf,inf,,0.0,0.0,0.0,0.0,0.0,0.0,0.0
Keraniganj_132kVtoNawabganj_132kV_Line2,Keraniganj_132kV,Nawabganj_132kV,,5.75775,2.734884,0.0,0.00014796,162.785,0.0,False,0.0,inf,,1.0,0.0,,,0.0,True,0,inf,27.0,,1.0,1.0,-inf,inf,,0.0,0.0,0.0,0.0,0.0,0.0,0.0
Fatullah_132kVtoShyampur_132kV_Line2,Fatullah_132kV,Shyampur_132kV,,0.4265,0.202584,0.0,1.096e-05,162.785,0.0,False,0.0,inf,,1.0,0.0,,,0.0,True,0,inf,2.0,,1.0,1.0,-inf,inf,,0.0,0.0,0.0,0.0,0.0,0.0,0.0
DhakaUniversity_132kVtoDhanmondi_132kV_Line1,DhakaUniversity_132kV,Dhanmondi_132kV,,0.52416,0.1472,0.0,1.602e-05,171.473,0.0,False,0.0,inf,,1.0,0.0,,,0.0,True,0,inf,2.0,,1.0,1.0,-inf,inf,,0.0,0.0,0.0,0.0,0.0,0.0,0.0
DhakaUniversity_132kVtoDhanmondi_132kV_Line2,DhakaUniversity_132kV,Dhanmondi_132kV,,0.4265,0.202584,0.0,1.096e-05,162.785,0.0,False,0.0,inf,,1.0,0.0,,,0.0,True,0,inf,2.0,,1.0,1.0,-inf,inf,,0.0,0.0,0.0,0.0,0.0,0.0,0.0
Bagerhat_132kVtoMongla_132kV_Line2,Bagerhat_132kV,Mongla_132kV,,6.077625,2.886822,0.0,0.00015618,162.785,0.0,False,0.0,inf,,1.0,0.0,,,0.0,True,0,inf,28.5,,1.0,1.0,-inf,inf,,0.0,0.0,0.0,0.0,0.0,0.0,0.0
Baghabari_132kVtoBhangura_132kV_Line1,Baghabari_132kV,Bhangura_132kV,,5.33125,2.5323,0.0,0.000137,162.785,0.0,False,0.0,inf,,1.0,0.0,,,0.0,True,0,inf,25.0,,1.0,1.0,-inf,inf,,0.0,0.0,0.0,0.0,0.0,0.0,0.0
Baghabari_132kVtoBhangura_132kV_Line2,Baghabari_132kV,Bhangura_132kV,,5.33125,2.5323,0.0,0.000137,162.785,0.0,False,0.0,inf,,1.0,0.0,,,0.0,True,0,inf,25.0,,1.0,1.0,-inf,inf,,0.0,0.0,0.0,0.0,0.0,0.0,0.0
Bakerganj_132kVtoBarguna_132kV_Line1,Bakerganj_132kV,Barguna_132kV,,10.6625,5.0646,0.0,0.000274,162.785,0.0,False,0.0,inf,,1.0,0.0,,,0.0,True,0,inf,50.0,,1.0,1.0,-inf,inf,,0.0,0.0,0.0,0.0,0.0,0.0,0.0
Gallamari_132kVtoGopalganj_132kV_Line1,Gallamari_132kV,Gopalganj_132kV,,11.089,5.267184,0.0,0.00028496,162.785,0.0,False,0.0,inf,,1.0,0.0,,,0.0,True,0,inf,52.0,,1.0,1.0,-inf,inf,,0.0,0.0,0.0,0.0,0.0,0.0,0.0
Gallamari_132kVtoGopalganj_132kV_Line2,Gallamari_132kV,Gopalganj_132kV,,11.089,5.267184,0.0,0.00028496,162.785,0.0,False,0.0,inf,,1.0,0.0,,,0.0,True,0,inf,52.0,,1.0,1.0,-inf,inf,,0.0,0.0,0.0,0.0,0.0,0.0,0.0
Gopalganj_132kVtoMadaripur_132kV_Line1,Gopalganj_132kV,Madaripur_132kV,,9.59625,4.55814,0.0,0.0002466,162.785,0.0,False,0.0,inf,,1.0,0.0,,,0.0,True,0,inf,45.0,,1.0,1.0,-inf,inf,,0.0,0.0,0.0,0.0,0.0,0.0,0.0
Maniknagar_132kVtoKazla_132kV_Line1,Maniknagar_132kV,Kazla_132kV,,0.6552,0.184,0.0,2.0025e-05,171.473,0.0,False,0.0,inf,,1.0,0.0,,,0.0,True,0,inf,2.5,,1.0,1.0,-inf,inf,,0.0,0.0,0.0,0.0,0.0,0.0,0.0
Maniknagar_132kVtoKazla_132kV_Line2,Maniknagar_132kV,Kazla_132kV,,0.6552,0.184,0.0,2.0025e-05,171.473,0.0,False,0.0,inf,,1.0,0.0,,,0.0,True,0,inf,2.5,,1.0,1.0,-inf,inf,,0.0,0.0,0.0,0.0,0.0,0.0,0.0
Purbachal_132kVtoBashundhara_132kV_Line1,Purbachal_132kV,Bashundhara_132kV,,1.17936,0.3312,0.0,3.6045e-05,171.473,0.0,False,0.0,inf,,1.0,0.0,,,0.0,True,0,inf,4.5,,1.0,1.0,-inf,inf,,0.0,0.0,0.0,0.0,0.0,0.0,0.0
Purbachal_132kVtoBashundhara_132kV_Line2,Purbachal_132kV,Bashundhara_132kV,,1.17936,0.3312,0.0,3.6045e-05,171.473,0.0,False,0.0,inf,,1.0,0.0,,,0.0,True,0,inf,4.5,,1.0,1.0,-inf,inf,,0.0,0.0,0.0,0.0,0.0,0.0,0.0
Banani_132kVtoBashundhara_132kV_Line1,Banani_132kV,Bashundhara_132kV,,3.53808,0.9936,0.0,0.000108135,171.473,0.0,False,0.0,inf,,1.0,0.0,,,0.0,True,0,inf,13.5,,1.0,1.0,-inf,inf,,0.0,0.0,0.0,0.0,0.0,0.0,0.0
Banani_132kVtoBashundhara_132kV_Line2,Banani_132kV,Bashundhara_132kV,,3.53808,0.9936,0.0,0.000108135,171.473,0.0,False,0.0,inf,,1.0,0.0,,,0.0,True,0,inf,13.5,,1.0,1.0,-inf,inf,,0.0,0.0,0.0,0.0,0.0,0.0,0.0
Rajbari_132kVtoBheramara_132kV_Line3,Rajbari_132kV,Bheramara_132kV,,0.266562,0.126615,0.0,6.85e-06,162.785,0.0,False,0.0,inf,,1.0,0.0,,,0.0,True,0,inf,1.25,,1.0,1.0,-inf,inf,,0.0,0.0,0.0,0.0,0.0,0.0,0.0
Rajbari_132kVtoBheramara_132kV_Line4,Rajbari_132kV,Bheramara_132kV,,0.266562,0.126615,0.0,6.85e-06,162.785,0.0,False,0.0,inf,,1.0,0.0,,,0.0,True,0,inf,1.25,,1.0,1.0,-inf,inf,,0.0,0.0,0.0,0.0,0.0,0.0,0.0
Tongi_132kVtoTongi-3(Mill Gate)_132kV_Line1,Tongi_132kV,Tongi-3(Mill Gate)_132kV,,0.6552,0.184,0.0,2.0025e-05,171.473,0.0,False,0.0,inf,,1.0,0.0,,,0.0,True,0,inf,2.5,,1.0,1.0,-inf,inf,,0.0,0.0,0.0,0.0,0.0,0.0,0.0
Tongi_132kVtoTongi-3(Mill Gate)_132kV_Line2,Tongi_132kV,Tongi-3(Mill Gate)_132kV,,0.6552,0.184,0.0,2.0025e-05,171.473,0.0,False,0.0,inf,,1.0,0.0,,,0.0,True,0,inf,2.5,,1.0,1.0,-inf,inf,,0.0,0.0,0.0,0.0,0.0,0.0,0.0
Jhenaidah_132kVtoJhenaidahSouth_132kV_Line2,Jhenaidah_132kV,JhenaidahSouth_132kV,,1.06625,0.50646,0.0,2.74e-05,162.785,0.0,False,0.0,inf,,1.0,0.0,,,0.0,True,0,inf,5.0,,1.0,1.0,-inf,inf,,0.0,0.0,0.0,0.0,0.0,0.0,0.0
Jhenaidah_132kVtoJhenaidahSouth_132kV_Line3,Jhenaidah_132kV,JhenaidahSouth_132kV,,1.06625,0.50646,0.0,2.74e-05,162.785,0.0,False,0.0,inf,,1.0,0.0,,,0.0,True,0,inf,5.0,,1.0,1.0,-inf,inf,,0.0,0.0,0.0,0.0,0.0,0.0,0.0
JhenaidahSouth_132kVtoJashore_132kV_Line1,JhenaidahSouth_132kV,Jashore_132kV,,9.16975,4.355556,0.0,0.00023564,162.785,0.0,False,0.0,inf,,1.0,0.0,,,0.0,True,0,inf,43.0,,1.0,1.0,-inf,inf,,0.0,0.0,0.0,0.0,0.0,0.0,0.0
JhenaidahSouth_132kVtoJashore_132kV_Line2,JhenaidahSouth_132kV,Jashore_132kV,,9.16975,4.355556,0.0,0.00023564,162.785,0.0,False,0.0,inf,,1.0,0.0,,,0.0,True,0,inf,43.0,,1.0,1.0,-inf,inf,,0.0,0.0,0.0,0.0,0.0,0.0,0.0
Maniknagar_132kVtoMotijheel_132kV_Line1,Maniknagar_132kV,Motijheel_132kV,,0.52416,0.1472,0.0,1.602e-05,171.473,0.0,False,0.0,inf,,1.0,0.0,,,0.0,True,0,inf,2.0,,1.0,1.0,-inf,inf,,0.0,0.0,0.0,0.0,0.0,0.0,0.0
Maniknagar_132kVtoMotijheel_132kV_Line2,Maniknagar_132kV,Motijheel_132kV,,0.52416,0.1472,0.0,1.602e-05,171.473,0.0,False,0.0,inf,,1.0,0.0,,,0.0,True,0,inf,2.0,,1.0,1.0,-inf,inf,,0.0,0.0,0.0,0.0,0.0,0.0,0.0
Motijheel_132kVtoBangabhaban_132kV_Line1,Motijheel_132kV,Bangabhaban_132kV,,0.13104,0.0368,0.0,4.005e-06,171.473,0.0,False,0.0,inf,,1.0,0.0,,,0.0,True,0,inf,0.5,,1.0,1.0,-inf,inf,,0.0,0.0,0.0,0.0,0.0,0.0,0.0
Motijheel_132kVtoBangabhaban_132kV_Line2,Motijheel_132kV,Bangabhaban_132kV,,0.13104,0.0368,0.0,4.005e-06,171.473,0.0,False,0.0,inf,,1.0,0.0,,,0.0,True,0,inf,0.5,,1.0,1.0,-inf,inf,,0.0,0.0,0.0,0.0,0.0,0.0,0.0
Madanganj_132kVtoCharSaidpur_132kV_Line1,Madanganj_132kV,CharSaidpur_132kV,,0.78624,0.2208,0.0,2.403e-05,171.473,0.0,False,0.0,inf,,1.0,0.0,,,0.0,True,0,inf,3.0,,1.0,1.0,-inf,inf,,0.0,0.0,0.0,0.0,0.0,0.0,0.0
Madanganj_132kVtoCharSaidpur_132kV_Line2,Madanganj_132kV,CharSaidpur_132kV,,0.78624,0.2208,0.0,2.403e-05,171.473,0.0,False,0.0,inf,,1.0,0.0,,,0.0,True,0,inf,3.0,,1.0,1.0,-inf,inf,,0.0,0.0,0.0,0.0,0.0,0.0,0.0
Kamrangirchar_132kVtoZigatola_132kV_Line1,Kamrangirchar_132kV,Zigatola_132kV,,1.83456,0.5152,0.0,5.607e-05,171.473,0.0,False,0.0,inf,,1.0,0.0,,,0.0,True,0,inf,7.0,,1.0,1.0,-inf,inf,,0.0,0.0,0.0,0.0,0.0,0.0,0.0
Kamrangirchar_132kVtoZigatola_132kV_Line2,Kamrangirchar_132kV,Zigatola_132kV,,1.83456,0.5152,0.0,5.607e-05,171.473,0.0,False,0.0,inf,,1.0,0.0,,,0.0,True,0,inf,7.0,,1.0,1.0,-inf,inf,,0.0,0.0,0.0,0.0,0.0,0.0,0.0
Energon_132kVtoMongla_132kV_Line1,Energon_132kV,Mongla_132kV,,1.91925,0.911628,0.0,4.932e-05,162.785,0.0,False,0.0,inf,,1.0,0.0,,,0.0,True,0,inf,9.0,,1.0,1.0,-inf,inf,,0.0,0.0,0.0,0.0,0.0,0.0,0.0
Hasnabad_132kVtoPostagola_132kV_Line1,Hasnabad_132kV,Postagola_132kV,,0.52416,0.1472,0.0,1.602e-05,171.473,0.0,False,0.0,inf,,1.0,0.0,,,0.0,True,0,inf,2.0,,1.0,1.0,-inf,inf,,0.0,0.0,0.0,0.0,0.0,0.0,0.0
Hasnabad_132kVtoPostagola_132kV_Line2,Hasnabad_132kV,Postagola_132kV,,0.52416,0.1472,0.0,1.602e-05,171.473,0.0,False,0.0,inf,,1.0,0.0,,,0.0,True,0,inf,2.0,,1.0,1.0,-inf,inf,,0.0,0.0,0.0,0.0,0.0,0.0,0.0
Banani_132kVtoPurbachal_132kV_Line1,Banani_132kV,Purbachal_132kV,,1.44144,0.4048,0.0,4.4055e-05,171.473,0.0,False,0.0,inf,,1.0,0.0,,,0.0,True,0,inf,5.5,,1.0,1.0,-inf,inf,,0.0,0.0,0.0,0.0,0.0,0.0,0.0
Banani_132kVtoPurbachal_132kV_Line2,Banani_132kV,Purbachal_132kV,,1.44144,0.4048,0.0,4.4055e-05,171.473,0.0,False,0.0,inf,,1.0,0.0,,,0.0,True,0,inf,5.5,,1.0,1.0,-inf,inf,,0.0,0.0,0.0,0.0,0.0,0.0,0.0
ChapaiNawabganj_132kVtoRahanpur_132kV_Line1,ChapaiNawabganj_132kV,Rahanpur_132kV,,5.523175,2.623463,0.0,0.000141932,162.785,0.0,False,0.0,inf,,1.0,0.0,,,0.0,True,0,inf,25.9,,1.0,1.0,-inf,inf,,0.0,0.0,0.0,0.0,0.0,0.0,0.0
ChapaiNawabganj_132kVtoRahanpur_132kV_Line2,ChapaiNawabganj_132kV,Rahanpur_132kV,,5.523175,2.623463,0.0,0.000141932,162.785,0.0,False,0.0,inf,,1.0,0.0,,,0.0,True,0,inf,25.9,,1.0,1.0,-inf,inf,,0.0,0.0,0.0,0.0,0.0,0.0,0.0
Madunaghat_132kVtoKalurghat_132kV_Line1,Madunaghat_132kV,Kalurghat_132kV,,1.83456,0.5152,0.0,5.607e-05,171.473,0.0,False,0.0,inf,,1.0,0.0,,,0.0,True,0,inf,7.0,,1.0,1.0,-inf,inf,,0.0,0.0,0.0,0.0,0.0,0.0,0.0
Madunaghat_132kVtoKalurghat_132kV_Line2,Madunaghat_132kV,Kalurghat_132kV,,1.83456,0.5152,0.0,5.607e-05,171.473,0.0,False,0.0,inf,,1.0,0.0,,,0.0,True,0,inf,7.0,,1.0,1.0,-inf,inf,,0.0,0.0,0.0,0.0,0.0,0.0,0.0
Rampura_132kVtoDhakaUniversity_132kV_Line1,Rampura_132kV,DhakaUniversity_132kV,,1.9656,0.552,0.0,6.0075e-05,171.473,0.0,False,0.0,inf,,1.0,0.0,,,0.0,True,0,inf,7.5,,1.0,1.0,-inf,inf,,0.0,0.0,0.0,0.0,0.0,0.0,0.0
Rampura_132kVtoDhakaUniversity_132kV_Line2,Rampura_132kV,DhakaUniversity_132kV,,1.9656,0.552,0.0,6.0075e-05,171.473,0.0,False,0.0,inf,,1.0,0.0,,,0.0,True,0,inf,7.5,,1.0,1.0,-inf,inf,,0.0,0.0,0.0,0.0,0.0,0.0,0.0
Sripur_132kVtoBhaluka_132kV_Line1,Sripur_132kV,Bhaluka_132kV,,4.798125,2.27907,0.0,0.0001233,162.785,0.0,False,0.0,inf,,1.0,0.0,,,0.0,True,0,inf,22.5,,1.0,1.0,-inf,inf,,0.0,0.0,0.0,0.0,0.0,0.0,0.0
Sripur_132kVtoBhaluka_132kV_Line2,Sripur_132kV,Bhaluka_132kV,,4.798125,2.27907,0.0,0.0001233,162.785,0.0,False,0.0,inf,,1.0,0.0,,,0.0,True,0,inf,22.5,,1.0,1.0,-inf,inf,,0.0,0.0,0.0,0.0,0.0,0.0,0.0
Ullapara_132kVtoSirajganj_132kV_Line1,Ullapara_132kV,Sirajganj_132kV,,5.33125,2.5323,0.0,0.000137,162.785,0.0,False,0.0,inf,,1.0,0.0,,,0.0,True,0,inf,25.0,,1.0,1.0,-inf,inf,,0.0,0.0,0.0,0.0,0.0,0.0,0.0
Ullapara_132kVtoSirajganj_132kV_Line2,Ullapara_132kV,Sirajganj_132kV,,5.33125,2.5323,0.0,0.000137,162.785,0.0,False,0.0,inf,,1.0,0.0,,,0.0,True,0,inf,25.0,,1.0,1.0,-inf,inf,,0.0,0.0,0.0,0.0,0.0,0.0,0.0
Bhaluka_132kVtoBarmiPP_132kV_Line1,Bhaluka_132kV,BarmiPP_132kV,,6.930625,3.29199,0.0,0.0001781,162.785,0.0,False,0.0,inf,,1.0,0.0,,,0.0,True,0,inf,32.5,,1.0,1.0,-inf,inf,,0.0,0.0,0.0,0.0,0.0,0.0,0.0
Bhaluka_132kVtoBarmiPP_132kV_Line2,Bhaluka_132kV,BarmiPP_132kV,,6.930625,3.29199,0.0,0.0001781,162.785,0.0,False,0.0,inf,,1.0,0.0,,,0.0,True,0,inf,32.5,,1.0,1.0,-inf,inf,,0.0,0.0,0.0,0.0,0.0,0.0,0.0
Niamatpur_132kVtoRahanpur_132kV_Line1,Niamatpur_132kV,Rahanpur_132kV,,6.3975,3.03876,0.0,0.0001644,162.785,0.0,False,0.0,inf,,1.0,0.0,,,0.0,True,0,inf,30.0,,1.0,1.0,-inf,inf,,0.0,0.0,0.0,0.0,0.0,0.0,0.0
Niamatpur_132kVtoRahanpur_132kV_Line2,Niamatpur_132kV,Rahanpur_132kV,,6.3975,3.03876,0.0,0.0001644,162.785,0.0,False,0.0,inf,,1.0,0.0,,,0.0,True,0,inf,30.0,,1.0,1.0,-inf,inf,,0.0,0.0,0.0,0.0,0.0,0.0,0.0
Cox'sBazar_132kVtoUSDKWindFarm_132kV_Line1,Cox's Bazar_132kV,USDKWindFarm_132kV,,2.34575,1.114212,0.0,6.028e-05,162.785,0.0,False,0.0,inf,,1.0,0.0,,,0.0,True,0,inf,11.0,,1.0,1.0,-inf,inf,,0.0,0.0,0.0,0.0,0.0,0.0,0.0
BarishalNorth_132kVtoBhandaria_132kV_Line1,BarishalNorth_132kV,Bhandaria_132kV,,9.916125,4.710078,0.0,0.00025482,162.785,0.0,False,0.0,inf,,1.0,0.0,,,0.0,True,0,inf,46.5,,1.0,1.0,-inf,inf,,0.0,0.0,0.0,0.0,0.0,0.0,0.0
BarishalNorth_132kVtoBhandaria_132kV_Line2,BarishalNorth_132kV,Bhandaria_132kV,,9.916125,4.710078,0.0,0.00025482,162.785,0.0,False,0.0,inf,,1.0,0.0,,,0.0,True,0,inf,46.5,,1.0,1.0,-inf,inf,,0.0,0.0,0.0,0.0,0.0,0.0,0.0
Sirajganj68MWSolar_132kVtoSirajganj_132kV_Line1,Sirajganj68MWSolar_132kV,Sirajganj_132kV,,2.1325,1.01292,0.0,5.48e-05,162.785,0.0,False,0.0,inf,,1.0,0.0,,,0.0,True,0,inf,10.0,,1.0,1.0,-inf,inf,,0.0,0.0,0.0,0.0,0.0,0.0,0.0
Sirajganj68MWSolar_132kVtoSirajganj_132kV_Line2,Sirajganj68MWSolar_132kV,Sirajganj_132kV,,2.1325,1.01292,0.0,5.48e-05,162.785,0.0,False,0.0,inf,,1.0,0.0,,,0.0,True,0,inf,10.0,,1.0,1.0,-inf,inf,,0.0,0.0,0.0,0.0,0.0,0.0,0.0
Rahanpur_132kVtoChowdala_132kV_Line1,Rahanpur_132kV,Chowdala_132kV,,1.91925,0.911628,0.0,4.932e-05,162.785,0.0,False,0.0,inf,,1.0,0.0,,,0.0,True,0,inf,9.0,,1.0,1.0,-inf,inf,,0.0,0.0,0.0,0.0,0.0,0.0,0.0
Rahanpur_132kVtoChowdala_132kV_Line2,Rahanpur_132kV,Chowdala_132kV,,1.91925,0.911628,0.0,4.932e-05,162.785,0.0,False,0.0,inf,,1.0,0.0,,,0.0,True,0,inf,9.0,,1.0,1.0,-inf,inf,,0.0,0.0,0.0,0.0,0.0,0.0,0.0
Muradnagar_132kVtoKosba_132kV_Line1,Muradnagar_132kV,Kosba_132kV,,5.118,2.431008,0.0,0.00013152,162.785,0.0,False,0.0,inf,,1.0,0.0,,,0.0,True,0,inf,24.0,,1.0,1.0,-inf,inf,,0.0,0.0,0.0,0.0,0.0,0.0,0.0
Muradnagar_132kVtoKosba_132kV_Line2,Muradnagar_132kV,Kosba_132kV,,5.118,2.431008,0.0,0.00013152,162.785,0.0,False,0.0,inf,,1.0,0.0,,,0.0,True,0,inf,24.0,,1.0,1.0,-inf,inf,,0.0,0.0,0.0,0.0,0.0,0.0,0.0
Jhenaidah_132kVtoChuadanga_132kV_Line1,Jhenaidah_132kV,Chuadanga_132kV,,8.31675,3.950388,0.0,0.00021372,162.785,0.0,False,0.0,inf,,1.0,0.0,,,0.0,True,0,inf,39.0,,1.0,1.0,-inf,inf,,0.0,0.0,0.0,0.0,0.0,0.0,0.0
Kurigram_132kVtoLalmonirhat_132kV_Line1,Kurigram_132kV,Lalmonirhat_132kV,,6.61075,3.140052,0.0,0.00016988,162.785,0.0,False,0.0,inf,,1.0,0.0,,,0.0,True,0,inf,31.0,,1.0,1.0,-inf,inf,,0.0,0.0,0.0,0.0,0.0,0.0,0.0
CumillaNorth_132kVtoChandina_132kV_Line1,CumillaNorth_132kV,Chandina_132kV,,3.412,1.620672,0.0,8.768e-05,162.785,0.0,False,0.0,inf,,1.0,0.0,,,0.0,True,0,inf,16.0,,1.0,1.0,-inf,inf,,0.0,0.0,0.0,0.0,0.0,0.0,0.0
CumillaNorth_132kVtoChandina_132kV_Line2,CumillaNorth_132kV,Chandina_132kV,,3.412,1.620672,0.0,8.768e-05,162.785,0.0,False,0.0,inf,,1.0,0.0,,,0.0,True,0,inf,16.0,,1.0,1.0,-inf,inf,,0.0,0.0,0.0,0.0,0.0,0.0,0.0
Rajendrapur_132kVtoSripur_132kV_Line1,Rajendrapur_132kV,Sripur_132kV,,4.371625,2.076486,0.0,0.00011234,162.785,0.0,False,0.0,inf,,1.0,0.0,,,0.0,True,0,inf,20.5,,1.0,1.0,-inf,inf,,0.0,0.0,0.0,0.0,0.0,0.0,0.0
Rajendrapur_132kVtoSripur_132kV_Line2,Rajendrapur_132kV,Sripur_132kV,,4.371625,2.076486,0.0,0.00011234,162.785,0.0,False,0.0,inf,,1.0,0.0,,,0.0,True,0,inf,20.5,,1.0,1.0,-inf,inf,,0.0,0.0,0.0,0.0,0.0,0.0,0.0
Araihazar_132kVtoBhulta_132kV_Line1,Araihazar_132kV,Bhulta_132kV,,1.706,0.810336,0.0,4.384e-05,162.785,0.0,False,0.0,inf,,1.0,0.0,,,0.0,True,0,inf,8.0,,1.0,1.0,-inf,inf,,0.0,0.0,0.0,0.0,0.0,0.0,0.0
Araihazar_132kVtoBhulta_132kV_Line2,Araihazar_132kV,Bhulta_132kV,,1.706,0.810336,0.0,4.384e-05,162.785,0.0,False,0.0,inf,,1.0,0.0,,,0.0,True,0,inf,8.0,,1.0,1.0,-inf,inf,,0.0,0.0,0.0,0.0,0.0,0.0,0.0
DynamicSunSolarPP_132kVtoIshwardi_132kV_Line1,DynamicSunSolarPP_132kV,Ishwardi_132kV,,4.6915,2.228424,0.0,0.00012056,162.785,0.0,False,0.0,inf,,1.0,0.0,,,0.0,True,0,inf,22.0,,1.0,1.0,-inf,inf,,0.0,0.0,0.0,0.0,0.0,0.0,0.0
DynamicSunSolarPP_132kVtoIshwardi_132kV_Line2,DynamicSunSolarPP_132kV,Ishwardi_132kV,,4.6915,2.228424,0.0,0.00012056,162.785,0.0,False,0.0,inf,,1.0,0.0,,,0.0,True,0,inf,22.0,,1.0,1.0,-inf,inf,,0.0,0.0,0.0,0.0,0.0,0.0,0.0
Kachua_132kVtoLaksham_132kV_Line1,Kachua_132kV,Laksham_132kV,,6.824,3.241344,0.0,0.00017536,162.785,0.0,False,0.0,inf,,1.0,0.0,,,0.0,True,0,inf,32.0,,1.0,1.0,-inf,inf,,0.0,0.0,0.0,0.0,0.0,0.0,0.0
Kachua_132kVtoLaksham_132kV_Line2,Kachua_132kV,Laksham_132kV,,6.824,3.241344,0.0,0.00017536,162.785,0.0,False,0.0,inf,,1.0,0.0,,,0.0,True,0,inf,32.0,,1.0,1.0,-inf,inf,,0.0,0.0,0.0,0.0,0.0,0.0,0.0
Chowmuhani_132kVtoLakshmipur_132kV_Line1,Chowmuhani_132kV,Lakshmipur_132kV,,5.75775,2.734884,0.0,0.00014796,162.785,0.0,False,0.0,inf,,1.0,0.0,,,0.0,True,0,inf,27.0,,1.0,1.0,-inf,inf,,0.0,0.0,0.0,0.0,0.0,0.0,0.0
Chowmuhani_132kVtoLakshmipur_132kV_Line2,Chowmuhani_132kV,Lakshmipur_132kV,,5.75775,2.734884,0.0,0.00014796,162.785,0.0,False,0.0,inf,,1.0,0.0,,,0.0,True,0,inf,27.0,,1.0,1.0,-inf,inf,,0.0,0.0,0.0,0.0,0.0,0.0,0.0
Sripur_132kVtoKodda_132kV_Line1,Sripur_132kV,Kodda_132kV,,1.91925,0.911628,0.0,4.932e-05,162.785,0.0,False,0.0,inf,,1.0,0.0,,,0.0,True,0,inf,9.0,,1.0,1.0,-inf,inf,,0.0,0.0,0.0,0.0,0.0,0.0,0.0
Sripur_132kVtoKodda_132kV_Line2,Sripur_132kV,Kodda_132kV,,1.91925,0.911628,0.0,4.932e-05,162.785,0.0,False,0.0,inf,,1.0,0.0,,,0.0,True,0,inf,9.0,,1.0,1.0,-inf,inf,,0.0,0.0,0.0,0.0,0.0,0.0,0.0
Kaliganj_132kVtoMaheshpur_132kV_Line1,Kaliganj_132kV,Maheshpur_132kV,,5.5445,2.633592,0.0,0.00014248,162.785,0.0,False,0.0,inf,,1.0,0.0,,,0.0,True,0,inf,26.0,,1.0,1.0,-inf,inf,,0.0,0.0,0.0,0.0,0.0,0.0,0.0
Kaliganj_132kVtoMaheshpur_132kV_Line2,Kaliganj_132kV,Maheshpur_132kV,,5.5445,2.633592,0.0,0.00014248,162.785,0.0,False,0.0,inf,,1.0,0.0,,,0.0,True,0,inf,26.0,,1.0,1.0,-inf,inf,,0.0,0.0,0.0,0.0,0.0,0.0,0.0
Sathia_132kVtoPabna64MWSolarPP_132kV_Line1,Sathia_132kV,Pabna64MWSolarPP_132kV,,7.357125,3.494574,0.0,0.00018906,162.785,0.0,False,0.0,inf,,1.0,0.0,,,0.0,True,0,inf,34.5,,1.0,1.0,-inf,inf,,0.0,0.0,0.0,0.0,0.0,0.0,0.0
Sathia_132kVtoPabna64MWSolarPP_132kV_Line2,Sathia_132kV,Pabna64MWSolarPP_132kV,,7.357125,3.494574,0.0,0.00018906,162.785,0.0,False,0.0,inf,,1.0,0.0,,,0.0,True,0,inf,34.5,,1.0,1.0,-inf,inf,,0.0,0.0,0.0,0.0,0.0,0.0,0.0
