{
  "type": "FeatureCollection",
  "name": "reb_pbs_477_mcm_lines",
  "crs": {
    "type": "name",
    "properties": {
      "name": "urn:ogc:def:crs:OGC:1.3:CRS84"
    }
  },
  "features": [
    {
      "type": "Feature",
      "properties": {
        "id": 0,
        "conductor": "477 MCM",
        "length_km": 4.924,
        "n_vertices": 38
      },
      "geometry": {
        "type": "LineString",
        "coordinates": [
          [
            90.18624118131233,
            23.710343095138363
          ],
          [
            90.18624118131233,
            23.70991068550912
          ],
          [
            90.1861071228557,
            23.709787139900765
          ],
          [
            90.18577197671415,
            23.710034231117476
          ],
          [
            90.18516871365935,
            23.7099724583133
          ],
          [
            90.18490059674612,
            23.709725367096585
          ],
          [
            90.18429733369132,
            23.709725367096585
          ],
          [
            90.184230304463,
            23.71120791439685
          ],
          [
            90.18818502893335,
            23.71126968720103
          ],
          [
            90.18825205816165,
            23.70855168381721
          ],
          [
            90.18811799970503,
            23.708428138208856
          ],
          [
            90.18429733369132,
            23.708428138208856
          ],
          [
            90.1841632752347,
            23.709663594292408
          ],
          [
            90.18322486603834,
            23.70960182148823
          ],
          [
            90.18288971989679,
            23.709416503075698
          ],
          [
            90.18288971989679,
            23.70910763905481
          ],
          [
            90.18262160298355,
            23.708675229425566
          ],
          [
            90.18262160298355,
            23.708181046992145
          ],
          [
            90.18282269066847,
            23.707933955775434
          ],
          [
            90.18275566144017,
            23.7071926821253
          ],
          [
            90.18248754452692,
            23.706513181279345
          ],
          [
            90.18248754452692,
            23.70503063397908
          ],
          [
            90.18208536915706,
            23.703918723503882
          ],
          [
            90.18094587227577,
            23.702312630595262
          ],
          [
            90.1804766676776,
            23.702003766574375
          ],
          [
            90.18014152153604,
            23.70058299207829
          ],
          [
            90.17886796619814,
            23.69835917112789
          ],
          [
            90.17806361545841,
            23.697432579065225
          ],
          [
            90.17772846931686,
            23.69650598700256
          ],
          [
            90.17679006012051,
            23.695517622135714
          ],
          [
            90.1767230308922,
            23.69514698531065
          ],
          [
            90.17618679706571,
            23.69489989409394
          ],
          [
            90.17323751102003,
            23.692243663514297
          ],
          [
            90.17270127719355,
            23.69193479949341
          ],
          [
            90.170422283431,
            23.689710978543012
          ],
          [
            90.17089148802917,
            23.687178293571726
          ],
          [
            90.17082445880085,
            23.686189928704884
          ],
          [
            90.1711596049424,
            23.68600461029235
          ]
        ]
      }
    },
    {
      "type": "Feature",
      "properties": {
        "id": 1,
        "conductor": "477 MCM",
        "length_km": 0.1199,
        "n_vertices": 3
      },
      "geometry": {
        "type": "LineString",
        "coordinates": [
          [
            90.18697850282375,
            23.709231184663164
          ],
          [
            90.18624118131233,
            23.709478275879874
          ],
          [
            90.1860400936274,
            23.709787139900765
          ]
        ]
      }
    },
    {
      "type": "Feature",
      "properties": {
        "id": 2,
        "conductor": "477 MCM",
        "length_km": 0.1368,
        "n_vertices": 4
      },
      "geometry": {
        "type": "LineString",
        "coordinates": [
          [
            90.18530277211597,
            23.709169411858987
          ],
          [
            90.18577197671415,
            23.709292957467344
          ],
          [
            90.1861071228557,
            23.70960182148823
          ],
          [
            90.18583900594247,
            23.70935473027152
          ]
        ]
      }
    },
    {
      "type": "Feature",
      "properties": {
        "id": 3,
        "conductor": "477 MCM",
        "length_km": 1.0955,
        "n_vertices": 9
      },
      "geometry": {
        "type": "LineString",
        "coordinates": [
          [
            90.06103058282783,
            23.684583835796264
          ],
          [
            90.06056137822965,
            23.684460290187907
          ],
          [
            90.06056137822965,
            23.68168051399991
          ],
          [
            90.06324254736208,
            23.681618741195734
          ],
          [
            90.06344363504701,
            23.681495195587377
          ],
          [
            90.06391283964518,
            23.681495195587377
          ],
          [
            90.06458313192829,
            23.681804059608268
          ],
          [
            90.06458313192829,
            23.684460290187907
          ],
          [
            90.06444907347166,
            23.684583835796264
          ]
        ]
      }
    },
    {
      "type": "Feature",
      "properties": {
        "id": 4,
        "conductor": "477 MCM",
        "length_km": 2.932,
        "n_vertices": 31
      },
      "geometry": {
        "type": "LineString",
        "coordinates": [
          [
            90.14877184268661,
            23.678900737811915
          ],
          [
            90.14890590114324,
            23.678406555378494
          ],
          [
            90.14910698882817,
            23.678283009770137
          ],
          [
            90.15091677799255,
            23.678777192203558
          ],
          [
            90.15145301181904,
            23.67908605622445
          ],
          [
            90.15279359638525,
            23.679271374636983
          ],
          [
            90.15312874252682,
            23.679642011462047
          ],
          [
            90.15507259014782,
            23.679950875482938
          ],
          [
            90.15634614548573,
            23.680815694741423
          ],
          [
            90.15701643776883,
            23.681495195587377
          ],
          [
            90.15701643776883,
            23.681865832412445
          ],
          [
            90.15721752545377,
            23.68205115082498
          ],
          [
            90.15949651921633,
            23.68279242447511
          ],
          [
            90.16009978227113,
            23.682854197279287
          ],
          [
            90.16023384072776,
            23.682977742887644
          ],
          [
            90.16030086995606,
            23.683719016537776
          ],
          [
            90.16023384072776,
            23.684522062992087
          ],
          [
            90.15996572381451,
            23.684707381404618
          ],
          [
            90.15996572381451,
            23.685139791033862
          ],
          [
            90.16050195764099,
            23.685695746271463
          ],
          [
            90.16083710378255,
            23.68649879272577
          ],
          [
            90.1617755129789,
            23.686189928704884
          ],
          [
            90.16304906831681,
            23.685325109446396
          ],
          [
            90.16412153596977,
            23.68520156383804
          ],
          [
            90.16418856519809,
            23.685325109446396
          ],
          [
            90.16492588670951,
            23.685386882250572
          ],
          [
            90.16532806207937,
            23.685078018229685
          ],
          [
            90.1667356758739,
            23.685325109446396
          ],
          [
            90.16787517275517,
            23.685078018229685
          ],
          [
            90.16941684500632,
            23.685695746271463
          ],
          [
            90.17089148802917,
            23.68600461029235
          ]
        ]
      }
    },
    {
      "type": "Feature",
      "properties": {
        "id": 5,
        "conductor": "477 MCM",
        "length_km": 2.4233,
        "n_vertices": 13
      },
      "geometry": {
        "type": "LineString",
        "coordinates": [
          [
            90.39664592897982,
            23.673217639827566
          ],
          [
            90.39631078283826,
            23.672785230198322
          ],
          [
            90.394098818304,
            23.671117364485525
          ],
          [
            90.39195388299807,
            23.669202407556018
          ],
          [
            90.39054626920354,
            23.66771986025575
          ],
          [
            90.38974191846381,
            23.667040359409796
          ],
          [
            90.38860242158252,
            23.66636085856384
          ],
          [
            90.38786510007111,
            23.66636085856384
          ],
          [
            90.38719480778799,
            23.665990221738777
          ],
          [
            90.38324008331766,
            23.66561958491371
          ],
          [
            90.38256979103456,
            23.665434266501176
          ],
          [
            90.38169841106652,
            23.665434266501176
          ],
          [
            90.37606795588842,
            23.664692992851045
          ]
        ]
      }
    },
    {
      "type": "Feature",
      "properties": {
        "id": 6,
        "conductor": "477 MCM",
        "length_km": 1.9802,
        "n_vertices": 17
      },
      "geometry": {
        "type": "LineString",
        "coordinates": [
          [
            90.29013648519401,
            23.672476366177435
          ],
          [
            90.29187924513009,
            23.67476195993201
          ],
          [
            90.29201330358671,
            23.675132596757077
          ],
          [
            90.29275062509814,
            23.67575032479885
          ],
          [
            90.29328685892462,
            23.675812097603032
          ],
          [
            90.2950296188607,
            23.675317915169607
          ],
          [
            90.2969064372534,
            23.6745148687153
          ],
          [
            90.2981799925913,
            23.674206004694412
          ],
          [
            90.29858216796117,
            23.673835367869344
          ],
          [
            90.29918543101597,
            23.673835367869344
          ],
          [
            90.29952057715752,
            23.673526503848457
          ],
          [
            90.30012384021232,
            23.673464731044277
          ],
          [
            90.30159848323515,
            23.67019077242286
          ],
          [
            90.3031401554863,
            23.670252545227036
          ],
          [
            90.30340827239954,
            23.670005454010326
          ],
          [
            90.30407856468265,
            23.670376090835394
          ],
          [
            90.3044137108242,
            23.67019077242286
          ]
        ]
      }
    },
    {
      "type": "Feature",
      "properties": {
        "id": 7,
        "conductor": "477 MCM",
        "length_km": 0.6564,
        "n_vertices": 4
      },
      "geometry": {
        "type": "LineString",
        "coordinates": [
          [
            90.31078148751372,
            23.672167502156547
          ],
          [
            90.31071445828542,
            23.67154977411477
          ],
          [
            90.30608944153198,
            23.670870273268815
          ],
          [
            90.30508400310731,
            23.670499636443747
          ]
        ]
      }
    },
    {
      "type": "Feature",
      "properties": {
        "id": 8,
        "conductor": "477 MCM",
        "length_km": 0.6023,
        "n_vertices": 7
      },
      "geometry": {
        "type": "LineString",
        "coordinates": [
          [
            90.28108753937207,
            23.67179686533148
          ],
          [
            90.28162377319855,
            23.6722910477649
          ],
          [
            90.2818918901118,
            23.6722910477649
          ],
          [
            90.28289732853645,
            23.671858638135657
          ],
          [
            90.28303138699307,
            23.671673319723123
          ],
          [
            90.28216000702503,
            23.669264180360194
          ],
          [
            90.28162377319855,
            23.668769997926773
          ]
        ]
      }
    },
    {
      "type": "Feature",
      "properties": {
        "id": 9,
        "conductor": "477 MCM",
        "length_km": 0.7986,
        "n_vertices": 9
      },
      "geometry": {
        "type": "LineString",
        "coordinates": [
          [
            90.28960025136753,
            23.671488001310593
          ],
          [
            90.28919807599766,
            23.671117364485525
          ],
          [
            90.28799154988806,
            23.670808500464638
          ],
          [
            90.28712016992003,
            23.66994368120615
          ],
          [
            90.2863828484086,
            23.669511271576905
          ],
          [
            90.28598067303875,
            23.669017089143484
          ],
          [
            90.2857125561255,
            23.669017089143484
          ],
          [
            90.28417088387435,
            23.667843405864108
          ],
          [
            90.28329950390632,
            23.667596314647398
          ]
        ]
      }
    },
    {
      "type": "Feature",
      "properties": {
        "id": 10,
        "conductor": "477 MCM",
        "length_km": 3.0242,
        "n_vertices": 21
      },
      "geometry": {
        "type": "LineString",
        "coordinates": [
          [
            90.08113935132106,
            23.669511271576905
          ],
          [
            90.08093826363611,
            23.66907886194766
          ],
          [
            90.08040202980963,
            23.66907886194766
          ],
          [
            90.07765383144888,
            23.66957304438108
          ],
          [
            90.07550889614295,
            23.66969658998944
          ],
          [
            90.0740342531201,
            23.670252545227036
          ],
          [
            90.07349801929362,
            23.670746727660458
          ],
          [
            90.07202337627079,
            23.671179137289702
          ],
          [
            90.06820271025707,
            23.671117364485525
          ],
          [
            90.0671302426041,
            23.671426228506412
          ],
          [
            90.06451610269998,
            23.67179686533148
          ],
          [
            90.06357769350363,
            23.671673319723123
          ],
          [
            90.0633766058187,
            23.672229274960724
          ],
          [
            90.06351066427531,
            23.674576641519476
          ],
          [
            90.06364472273194,
            23.67500905114872
          ],
          [
            90.06397986887349,
            23.67525614236543
          ],
          [
            90.06391283964518,
            23.676924008078228
          ],
          [
            90.06424798578674,
            23.678344782574317
          ],
          [
            90.06391283964518,
            23.679765557070404
          ],
          [
            90.06391283964518,
            23.681495195587377
          ],
          [
            90.06411392733011,
            23.681618741195734
          ]
        ]
      }
    },
    {
      "type": "Feature",
      "properties": {
        "id": 11,
        "conductor": "477 MCM",
        "length_km": 2.9322,
        "n_vertices": 21
      },
      "geometry": {
        "type": "LineString",
        "coordinates": [
          [
            90.28028318863232,
            23.666793268193086
          ],
          [
            90.27974695480584,
            23.666546176976375
          ],
          [
            90.27974695480584,
            23.666299085759665
          ],
          [
            90.27941180866429,
            23.665928448934597
          ],
          [
            90.27941180866429,
            23.665434266501176
          ],
          [
            90.27854042869625,
            23.663889946396736
          ],
          [
            90.27753499027159,
            23.660863078992026
          ],
          [
            90.27713281490172,
            23.65999825973354
          ],
          [
            90.27686469798849,
            23.659812941321007
          ],
          [
            90.27673063953186,
            23.659133440475053
          ],
          [
            90.27518896728071,
            23.657156710741365
          ],
          [
            90.27378135348619,
            23.654685798574256
          ],
          [
            90.27378135348619,
            23.654438707357546
          ],
          [
            90.27297700274646,
            23.653326796882347
          ],
          [
            90.2726418566049,
            23.65252375042804
          ],
          [
            90.27170344740856,
            23.651350067148663
          ],
          [
            90.2707650382122,
            23.649496883023332
          ],
          [
            90.26962554133092,
            23.64894092778573
          ],
          [
            90.26506755380579,
            23.647643698898
          ],
          [
            90.26473240766423,
            23.647273062072934
          ],
          [
            90.26412914460944,
            23.64714951646458
          ]
        ]
      }
    },
    {
      "type": "Feature",
      "properties": {
        "id": 12,
        "conductor": "477 MCM",
        "length_km": 0.5518,
        "n_vertices": 7
      },
      "geometry": {
        "type": "LineString",
        "coordinates": [
          [
            90.28839372525793,
            23.66512540248029
          ],
          [
            90.28812560834469,
            23.665681357717887
          ],
          [
            90.28799154988806,
            23.667349223430687
          ],
          [
            90.28725422837665,
            23.668152269884995
          ],
          [
            90.28678502377848,
            23.668214042689172
          ],
          [
            90.28611473149536,
            23.66907886194766
          ],
          [
            90.28618176072368,
            23.669202407556018
          ]
        ]
      }
    },
    {
      "type": "Feature",
      "properties": {
        "id": 13,
        "conductor": "477 MCM",
        "length_km": 7.9427,
        "n_vertices": 50
      },
      "geometry": {
        "type": "LineString",
        "coordinates": [
          [
            90.37506251746375,
            23.664631220046868
          ],
          [
            90.37191214373314,
            23.664137037613447
          ],
          [
            90.36815850694774,
            23.663889946396736
          ],
          [
            90.3622599348564,
            23.66321044555078
          ],
          [
            90.36192478871484,
            23.663025127138248
          ],
          [
            90.35897550266917,
            23.662839808725714
          ],
          [
            90.35595918739519,
            23.662345626292293
          ],
          [
            90.35515483665546,
            23.662345626292293
          ],
          [
            90.35448454437234,
            23.662098535075582
          ],
          [
            90.35327801826276,
            23.662036762271402
          ],
          [
            90.35207149215316,
            23.661666125446338
          ],
          [
            90.35160228755498,
            23.661727898250515
          ],
          [
            90.35012764453215,
            23.660615987775316
          ],
          [
            90.34939032302073,
            23.659318758887586
          ],
          [
            90.34898814765086,
            23.657403801958075
          ],
          [
            90.34885408919425,
            23.654253388945016
          ],
          [
            90.348585972281,
            23.6540062977283
          ],
          [
            90.34811676768282,
            23.6540062977283
          ],
          [
            90.34510045240884,
            23.654685798574256
          ],
          [
            90.34215116636317,
            23.65487111698679
          ],
          [
            90.33806238343621,
            23.656353664287057
          ],
          [
            90.33752614960973,
            23.656415437091233
          ],
          [
            90.33618556504351,
            23.65703316513301
          ],
          [
            90.33571636044533,
            23.65703316513301
          ],
          [
            90.33524715584716,
            23.657403801958075
          ],
          [
            90.33397360050925,
            23.657712665978966
          ],
          [
            90.33357142513938,
            23.65808330280403
          ],
          [
            90.3330351913129,
            23.65808330280403
          ],
          [
            90.33223084057317,
            23.65833039402074
          ],
          [
            90.3312254021485,
            23.658824576454162
          ],
          [
            90.32747176536311,
            23.660060032537718
          ],
          [
            90.32700256076494,
            23.660368896558605
          ],
          [
            90.32660038539507,
            23.660368896558605
          ],
          [
            90.3261982100252,
            23.660677760579496
          ],
          [
            90.32546088851379,
            23.66080130618785
          ],
          [
            90.32331595320784,
            23.661666125446338
          ],
          [
            90.32083587176034,
            23.662345626292293
          ],
          [
            90.32043369639048,
            23.662716263117357
          ],
          [
            90.3199644917923,
            23.662716263117357
          ],
          [
            90.31962934565075,
            23.663025127138248
          ],
          [
            90.3187579656827,
            23.66321044555078
          ],
          [
            90.31661303037676,
            23.664075264809266
          ],
          [
            90.31540650426717,
            23.665743130522067
          ],
          [
            90.31533947503885,
            23.666051994542954
          ],
          [
            90.314937299669,
            23.66636085856384
          ],
          [
            90.31480324121237,
            23.666793268193086
          ],
          [
            90.3137307735594,
            23.66796695147246
          ],
          [
            90.31145177979684,
            23.67130268289806
          ],
          [
            90.31111663365529,
            23.671611546918946
          ],
          [
            90.31078148751372,
            23.671673319723123
          ]
        ]
      }
    },
    {
      "type": "Feature",
      "properties": {
        "id": 14,
        "conductor": "477 MCM",
        "length_km": 2.1554,
        "n_vertices": 21
      },
      "geometry": {
        "type": "LineString",
        "coordinates": [
          [
            90.14756531657702,
            23.6631486727466
          ],
          [
            90.14823560886012,
            23.6631486727466
          ],
          [
            90.14883887191492,
            23.66339576396331
          ],
          [
            90.1499113395679,
            23.66339576396331
          ],
          [
            90.15051460262269,
            23.663642855180022
          ],
          [
            90.150581631851,
            23.665990221738777
          ],
          [
            90.15071569030762,
            23.66611376734713
          ],
          [
            90.15064866107932,
            23.667534541843217
          ],
          [
            90.15031351493776,
            23.668152269884995
          ],
          [
            90.1487048134583,
            23.669511271576905
          ],
          [
            90.14823560886012,
            23.66969658998944
          ],
          [
            90.14769937503364,
            23.670252545227036
          ],
          [
            90.14749828734871,
            23.671179137289702
          ],
          [
            90.14769937503364,
            23.671982183744014
          ],
          [
            90.14790046271857,
            23.672167502156547
          ],
          [
            90.14796749194689,
            23.672847003002502
          ],
          [
            90.14897293037154,
            23.674020686281878
          ],
          [
            90.14917401805647,
            23.674638414323653
          ],
          [
            90.14917401805647,
            23.67772705453254
          ],
          [
            90.14903995959986,
            23.678283009770137
          ],
          [
            90.14924104728479,
            23.678406555378494
          ]
        ]
      }
    },
    {
      "type": "Feature",
      "properties": {
        "id": 15,
        "conductor": "477 MCM",
        "length_km": 0.9527,
        "n_vertices": 11
      },
      "geometry": {
        "type": "LineString",
        "coordinates": [
          [
            90.14709611197884,
            23.662778035921537
          ],
          [
            90.14622473201081,
            23.66240739909647
          ],
          [
            90.14575552741263,
            23.661851443858872
          ],
          [
            90.14501820590121,
            23.661727898250515
          ],
          [
            90.14334247519344,
            23.660430669362782
          ],
          [
            90.14200189062723,
            23.659071667670876
          ],
          [
            90.14166674448568,
            23.659009894866696
          ],
          [
            90.14106348143088,
            23.65857748523745
          ],
          [
            90.14113051065918,
            23.658145075608207
          ],
          [
            90.14146565680073,
            23.65758912037061
          ],
          [
            90.14146565680073,
            23.65721848354554
          ]
        ]
      }
    },
    {
      "type": "Feature",
      "properties": {
        "id": 16,
        "conductor": "477 MCM",
        "length_km": 0.3338,
        "n_vertices": 6
      },
      "geometry": {
        "type": "LineString",
        "coordinates": [
          [
            90.14957619342634,
            23.65894812206252
          ],
          [
            90.14903995959986,
            23.65894812206252
          ],
          [
            90.14910698882817,
            23.65783621158732
          ],
          [
            90.1493080765131,
            23.657650893174786
          ],
          [
            90.15024648570945,
            23.657650893174786
          ],
          [
            90.15038054416607,
            23.657897984391496
          ]
        ]
      }
    },
    {
      "type": "Feature",
      "properties": {
        "id": 17,
        "conductor": "477 MCM",
        "length_km": 0.3663,
        "n_vertices": 5
      },
      "geometry": {
        "type": "LineString",
        "coordinates": [
          [
            90.1517881579606,
            23.65894812206252
          ],
          [
            90.15312874252682,
            23.65894812206252
          ],
          [
            90.15312874252682,
            23.65839216682492
          ],
          [
            90.1517881579606,
            23.658268621216564
          ],
          [
            90.15165409950397,
            23.658021529999854
          ]
        ]
      }
    },
    {
      "type": "Feature",
      "properties": {
        "id": 18,
        "conductor": "477 MCM",
        "length_km": 0.1448,
        "n_vertices": 2
      },
      "geometry": {
        "type": "LineString",
        "coordinates": [
          [
            90.15453635632133,
            23.65839216682492
          ],
          [
            90.15312874252682,
            23.65857748523745
          ]
        ]
      }
    },
    {
      "type": "Feature",
      "properties": {
        "id": 19,
        "conductor": "477 MCM",
        "length_km": 5.5895,
        "n_vertices": 50
      },
      "geometry": {
        "type": "LineString",
        "coordinates": [
          [
            90.1548715024629,
            23.658206848412387
          ],
          [
            90.15607802857248,
            23.658268621216564
          ],
          [
            90.15641317471403,
            23.658453939629098
          ],
          [
            90.15855811001998,
            23.658268621216564
          ],
          [
            90.15949651921633,
            23.659133440475053
          ],
          [
            90.16030086995606,
            23.659318758887586
          ],
          [
            90.16063601609761,
            23.658824576454162
          ],
          [
            90.16097116223916,
            23.65863925804163
          ],
          [
            90.16150739606566,
            23.657774438783143
          ],
          [
            90.16190957143552,
            23.656415437091233
          ],
          [
            90.16211065912046,
            23.6562301186787
          ],
          [
            90.16211065912046,
            23.655797709049455
          ],
          [
            90.16244580526201,
            23.65536529942021
          ],
          [
            90.16244580526201,
            23.65462402577008
          ],
          [
            90.16304906831681,
            23.65221488640715
          ],
          [
            90.16298203908849,
            23.65190602238626
          ],
          [
            90.16325015600174,
            23.651350067148663
          ],
          [
            90.16331718523004,
            23.650485247890174
          ],
          [
            90.16358530214329,
            23.65005283826093
          ],
          [
            90.16358530214329,
            23.64924979180662
          ],
          [
            90.16392044828484,
            23.649064473394088
          ],
          [
            90.16405450674146,
            23.648632063764843
          ],
          [
            90.16405450674146,
            23.647273062072934
          ],
          [
            90.16418856519809,
            23.646902425247866
          ],
          [
            90.16472479902457,
            23.64634647001027
          ],
          [
            90.16546212053599,
            23.644493285884938
          ],
          [
            90.16606538359079,
            23.643752012234806
          ],
          [
            90.16633350050404,
            23.643134284193028
          ],
          [
            90.16640052973234,
            23.642207692130363
          ],
          [
            90.16666864664559,
            23.641651736892765
          ],
          [
            90.1673389389287,
            23.64121932726352
          ],
          [
            90.16914872809308,
            23.64121932726352
          ],
          [
            90.16948387423464,
            23.641034008850987
          ],
          [
            90.17270127719355,
            23.64097223604681
          ],
          [
            90.17323751102003,
            23.64140464567605
          ],
          [
            90.1736396863899,
            23.642084146522006
          ],
          [
            90.17531541709768,
            23.642454783347073
          ],
          [
            90.1754494755543,
            23.64257832895543
          ],
          [
            90.1754494755543,
            23.64301073858467
          ],
          [
            90.17471215404288,
            23.644246194668227
          ],
          [
            90.17471215404288,
            23.64523455953507
          ],
          [
            90.17531541709768,
            23.64634647001027
          ],
          [
            90.17625382629403,
            23.647211289268757
          ],
          [
            90.17813064468673,
            23.64943511021915
          ],
          [
            90.17859984928491,
            23.649496883023332
          ],
          [
            90.18054369690591,
            23.65060879349853
          ],
          [
            90.18335892449497,
            23.651844249582084
          ],
          [
            90.18429733369132,
            23.652585523232215
          ],
          [
            90.1847665382895,
            23.652647296036392
          ],
          [
            90.18637523976895,
            23.653326796882347
          ]
        ]
      }
    },
    {
      "type": "Feature",
      "properties": {
        "id": 20,
        "conductor": "477 MCM",
        "length_km": 1.2924,
        "n_vertices": 14
      },
      "geometry": {
        "type": "LineString",
        "coordinates": [
          [
            90.15158707027567,
            23.657403801958075
          ],
          [
            90.15158707027567,
            23.65703316513301
          ],
          [
            90.1517881579606,
            23.6567860739163
          ],
          [
            90.15172112873229,
            23.656168345874523
          ],
          [
            90.14917401805647,
            23.656168345874523
          ],
          [
            90.14910698882817,
            23.657527347566432
          ],
          [
            90.14796749194689,
            23.65758912037061
          ],
          [
            90.14716314120716,
            23.657465574762256
          ],
          [
            90.14609067355418,
            23.656909619524654
          ],
          [
            90.14575552741263,
            23.656538982699587
          ],
          [
            90.14528632281446,
            23.65647720989541
          ],
          [
            90.14461603053134,
            23.656044800266166
          ],
          [
            90.14300732905188,
            23.655674163441102
          ],
          [
            90.14260515368203,
            23.655303526616034
          ]
        ]
      }
    },
    {
      "type": "Feature",
      "properties": {
        "id": 21,
        "conductor": "477 MCM",
        "length_km": 0.137,
        "n_vertices": 3
      },
      "geometry": {
        "type": "LineString",
        "coordinates": [
          [
            90.15017945648114,
            23.6567860739163
          ],
          [
            90.15051460262269,
            23.65697139232883
          ],
          [
            90.15038054416607,
            23.65783621158732
          ]
        ]
      }
    },
    {
      "type": "Feature",
      "properties": {
        "id": 22,
        "conductor": "477 MCM",
        "length_km": 0.8335,
        "n_vertices": 7
      },
      "geometry": {
        "type": "LineString",
        "coordinates": [
          [
            90.14180080294229,
            23.656168345874523
          ],
          [
            90.14173377371398,
            23.65561239063692
          ],
          [
            90.1393207214948,
            23.65561239063692
          ],
          [
            90.13858339998337,
            23.65536529942021
          ],
          [
            90.1380471661569,
            23.654809344182613
          ],
          [
            90.13657252313405,
            23.653882752119948
          ],
          [
            90.13550005548107,
            23.652585523232215
          ]
        ]
      }
    },
    {
      "type": "Feature",
      "properties": {
        "id": 23,
        "conductor": "477 MCM",
        "length_km": 0.6925,
        "n_vertices": 7
      },
      "geometry": {
        "type": "LineString",
        "coordinates": [
          [
            90.19274301645848,
            23.655921254657812
          ],
          [
            90.19086619806578,
            23.65561239063692
          ],
          [
            90.18999481809773,
            23.655241753811858
          ],
          [
            90.18965967195618,
            23.654932889790967
          ],
          [
            90.18912343812968,
            23.65487111698679
          ],
          [
            90.1873136489653,
            23.65406807053248
          ],
          [
            90.1866433566822,
            23.65351211529488
          ]
        ]
      }
    },
    {
      "type": "Feature",
      "properties": {
        "id": 24,
        "conductor": "477 MCM",
        "length_km": 5.4506,
        "n_vertices": 38
      },
      "geometry": {
        "type": "LineString",
        "coordinates": [
          [
            90.1225634144171,
            23.653450342490704
          ],
          [
            90.11921195300157,
            23.653450342490704
          ],
          [
            90.11907789454494,
            23.653326796882347
          ],
          [
            90.11907789454494,
            23.65079411191106
          ],
          [
            90.11847463149014,
            23.650732339106884
          ],
          [
            90.11679890078237,
            23.65116474873613
          ],
          [
            90.11626266695589,
            23.651720703973727
          ],
          [
            90.11579346235771,
            23.651844249582084
          ],
          [
            90.11418476087826,
            23.65165893116955
          ],
          [
            90.11311229322529,
            23.65190602238626
          ],
          [
            90.11116844560428,
            23.65190602238626
          ],
          [
            90.11056518254948,
            23.652029567994617
          ],
          [
            90.11043112409286,
            23.65240020481968
          ],
          [
            90.11043112409286,
            23.653635660903237
          ],
          [
            90.11029706563623,
            23.65382097931577
          ],
          [
            90.10935865643988,
            23.65382097931577
          ],
          [
            90.10795104264535,
            23.65406807053248
          ],
          [
            90.10493472737137,
            23.65412984333666
          ],
          [
            90.1025887043805,
            23.65598302746199
          ],
          [
            90.10225355823894,
            23.65697139232883
          ],
          [
            90.10178435364077,
            23.657712665978966
          ],
          [
            90.09876803836679,
            23.657897984391496
          ],
          [
            90.09682419074576,
            23.658268621216564
          ],
          [
            90.09474628466813,
            23.65919521327923
          ],
          [
            90.09427708006996,
            23.659256986083406
          ],
          [
            90.0938749047001,
            23.659565850104297
          ],
          [
            90.0933386708736,
            23.659627622908474
          ],
          [
            90.09132779402428,
            23.661110170208737
          ],
          [
            90.0901212679147,
            23.66129548862127
          ],
          [
            90.08603248498774,
            23.665001856871932
          ],
          [
            90.08496001733477,
            23.66561958491371
          ],
          [
            90.08428972505166,
            23.665804903326244
          ],
          [
            90.08268102357219,
            23.667102132213977
          ],
          [
            90.08201073128909,
            23.667349223430687
          ],
          [
            90.08147449746261,
            23.668152269884995
          ],
          [
            90.08120638054936,
            23.66907886194766
          ],
          [
            90.08107232209274,
            23.669202407556018
          ],
          [
            90.08093826363611,
            23.66907886194766
          ]
        ]
      }
    },
    {
      "type": "Feature",
      "properties": {
        "id": 25,
        "conductor": "477 MCM",
        "length_km": 0.3713,
        "n_vertices": 5
      },
      "geometry": {
        "type": "LineString",
        "coordinates": [
          [
            90.12309964824358,
            23.653203251273993
          ],
          [
            90.12303261901528,
            23.65215311360297
          ],
          [
            90.1213568883075,
            23.65215311360297
          ],
          [
            90.12108877139427,
            23.65196779519044
          ],
          [
            90.12082065448102,
            23.652338432015505
          ]
        ]
      }
    },
    {
      "type": "Feature",
      "properties": {
        "id": 26,
        "conductor": "477 MCM",
        "length_km": 0.5572,
        "n_vertices": 8
      },
      "geometry": {
        "type": "LineString",
        "coordinates": [
          [
            90.19488795176441,
            23.652832614448926
          ],
          [
            90.19508903944934,
            23.65277084164475
          ],
          [
            90.19589339018908,
            23.650917657519418
          ],
          [
            90.19636259478726,
            23.65054702069435
          ],
          [
            90.19642962401556,
            23.650238156673463
          ],
          [
            90.19703288707036,
            23.649311564610798
          ],
          [
            90.19730100398361,
            23.64924979180662
          ],
          [
            90.19756912089684,
            23.64869383656902
          ]
        ]
      }
    },
    {
      "type": "Feature",
      "properties": {
        "id": 27,
        "conductor": "477 MCM",
        "length_km": 0.5931,
        "n_vertices": 9
      },
      "geometry": {
        "type": "LineString",
        "coordinates": [
          [
            90.1350308508829,
            23.65221488640715
          ],
          [
            90.1349638216546,
            23.65190602238626
          ],
          [
            90.13389135400162,
            23.651782476777907
          ],
          [
            90.13355620786007,
            23.651535385561196
          ],
          [
            90.13228265252216,
            23.651350067148663
          ],
          [
            90.13094206795594,
            23.65141183995284
          ],
          [
            90.13067395104271,
            23.65116474873613
          ],
          [
            90.13000365875959,
            23.65116474873613
          ],
          [
            90.12980257107466,
            23.650979430323595
          ]
        ]
      }
    },
    {
      "type": "Feature",
      "properties": {
        "id": 28,
        "conductor": "477 MCM",
        "length_km": 0.0781,
        "n_vertices": 2
      },
      "geometry": {
        "type": "LineString",
        "coordinates": [
          [
            90.12155797599245,
            23.65141183995284
          ],
          [
            90.12108877139427,
            23.65196779519044
          ]
        ]
      }
    },
    {
      "type": "Feature",
      "properties": {
        "id": 29,
        "conductor": "477 MCM",
        "length_km": 0.122,
        "n_vertices": 3
      },
      "geometry": {
        "type": "LineString",
        "coordinates": [
          [
            90.12015036219792,
            23.651288294344486
          ],
          [
            90.12082065448102,
            23.651535385561196
          ],
          [
            90.12115580062257,
            23.651844249582084
          ]
        ]
      }
    },
    {
      "type": "Feature",
      "properties": {
        "id": 30,
        "conductor": "477 MCM",
        "length_km": 1.2537,
        "n_vertices": 13
      },
      "geometry": {
        "type": "LineString",
        "coordinates": [
          [
            90.12832792805183,
            23.65104120312777
          ],
          [
            90.12826089882351,
            23.650732339106884
          ],
          [
            90.12772466499703,
            23.650732339106884
          ],
          [
            90.1275235773121,
            23.651473612757016
          ],
          [
            90.12531161277785,
            23.651720703973727
          ],
          [
            90.12490943740798,
            23.652029567994617
          ],
          [
            90.12309964824358,
            23.65221488640715
          ],
          [
            90.12309964824358,
            23.65060879349853
          ],
          [
            90.12289856055865,
            23.650423475085997
          ],
          [
            90.1206865960244,
            23.65036170228182
          ],
          [
            90.12048550833947,
            23.650485247890174
          ],
          [
            90.11968115759974,
            23.650485247890174
          ],
          [
            90.11901086531662,
            23.650732339106884
          ]
        ]
      }
    },
    {
      "type": "Feature",
      "properties": {
        "id": 31,
        "conductor": "477 MCM",
        "length_km": 0.1386,
        "n_vertices": 3
      },
      "geometry": {
        "type": "LineString",
        "coordinates": [
          [
            90.12953445416142,
            23.650732339106884
          ],
          [
            90.12839495728014,
            23.65060879349853
          ],
          [
            90.12832792805183,
            23.65079411191106
          ]
        ]
      }
    },
    {
      "type": "Feature",
      "properties": {
        "id": 32,
        "conductor": "477 MCM",
        "length_km": 0.4066,
        "n_vertices": 4
      },
      "geometry": {
        "type": "LineString",
        "coordinates": [
          [
            90.12678625580068,
            23.65060879349853
          ],
          [
            90.1231666774719,
            23.65036170228182
          ],
          [
            90.12296558978697,
            23.650423475085997
          ],
          [
            90.12303261901528,
            23.65054702069435
          ]
        ]
      }
    },
    {
      "type": "Feature",
      "properties": {
        "id": 33,
        "conductor": "477 MCM",
        "length_km": 0.1118,
        "n_vertices": 3
      },
      "geometry": {
        "type": "LineString",
        "coordinates": [
          [
            90.13020474644453,
            23.650238156673463
          ],
          [
            90.13040583412946,
            23.650423475085997
          ],
          [
            90.13047286335777,
            23.65116474873613
          ]
        ]
      }
    },
    {
      "type": "Feature",
      "properties": {
        "id": 34,
        "conductor": "477 MCM",
        "length_km": 0.5795,
        "n_vertices": 10
      },
      "geometry": {
        "type": "LineString",
        "coordinates": [
          [
            90.13000365875959,
            23.649991065456753
          ],
          [
            90.12926633724818,
            23.649126246198264
          ],
          [
            90.12879713265,
            23.649064473394088
          ],
          [
            90.12852901573676,
            23.648817382177377
          ],
          [
            90.12772466499703,
            23.6487556093732
          ],
          [
            90.12745654808379,
            23.64943511021915
          ],
          [
            90.1275235773121,
            23.650114611065106
          ],
          [
            90.12738951885548,
            23.65036170228182
          ],
          [
            90.12765763576871,
            23.65079411191106
          ],
          [
            90.12745654808379,
            23.650423475085997
          ]
        ]
      }
    },
    {
      "type": "Feature",
      "properties": {
        "id": 35,
        "conductor": "477 MCM",
        "length_km": 0.2984,
        "n_vertices": 6
      },
      "geometry": {
        "type": "LineString",
        "coordinates": [
          [
            90.20018326080097,
            23.64918801900244
          ],
          [
            90.19957999774617,
            23.648632063764843
          ],
          [
            90.19890970546307,
            23.648570290960667
          ],
          [
            90.19864158854982,
            23.648323199743956
          ],
          [
            90.19797129626672,
            23.6481996541356
          ],
          [
            90.19777020858177,
            23.64844674535231
          ]
        ]
      }
    },
    {
      "type": "Feature",
      "properties": {
        "id": 36,
        "conductor": "477 MCM",
        "length_km": 1.7442,
        "n_vertices": 22
      },
      "geometry": {
        "type": "LineString",
        "coordinates": [
          [
            90.11934601145819,
            23.64628469720609
          ],
          [
            90.11934601145819,
            23.64461683149329
          ],
          [
            90.11914492377325,
            23.644493285884938
          ],
          [
            90.1175362222938,
            23.644493285884938
          ],
          [
            90.11686593001069,
            23.644863922710005
          ],
          [
            90.11706701769562,
            23.645852287576847
          ],
          [
            90.11760325152211,
            23.64684065244369
          ],
          [
            90.11760325152211,
            23.6470877436604
          ],
          [
            90.11740216383717,
            23.647273062072934
          ],
          [
            90.11606157927096,
            23.647211289268757
          ],
          [
            90.11485505316136,
            23.64733483487711
          ],
          [
            90.11405070242164,
            23.647273062072934
          ],
          [
            90.11391664396501,
            23.64714951646458
          ],
          [
            90.11398367319332,
            23.644863922710005
          ],
          [
            90.11425179010656,
            23.644740377101648
          ],
          [
            90.11458693624812,
            23.645049241122535
          ],
          [
            90.11458693624812,
            23.645296332339246
          ],
          [
            90.11485505316136,
            23.645296332339246
          ],
          [
            90.11505614084629,
            23.64548165075178
          ],
          [
            90.11592752081434,
            23.644863922710005
          ],
          [
            90.11679890078237,
            23.644863922710005
          ],
          [
            90.116932959239,
            23.64498746831836
          ]
        ]
      }
    },
    {
      "type": "Feature",
      "properties": {
        "id": 37,
        "conductor": "477 MCM",
        "length_km": 0.0701,
        "n_vertices": 4
      },
      "geometry": {
        "type": "LineString",
        "coordinates": [
          [
            90.11492208238967,
            23.645852287576847
          ],
          [
            90.11485505316136,
            23.645666969164314
          ],
          [
            90.11505614084629,
            23.64548165075178
          ],
          [
            90.11492208238967,
            23.645358105143426
          ]
        ]
      }
    },
    {
      "type": "Feature",
      "properties": {
        "id": 38,
        "conductor": "477 MCM",
        "length_km": 0.5388,
        "n_vertices": 7
      },
      "geometry": {
        "type": "LineString",
        "coordinates": [
          [
            90.11358149782346,
            23.641528191284408
          ],
          [
            90.11411773164994,
            23.642701874563784
          ],
          [
            90.11472099470474,
            23.643504921018096
          ],
          [
            90.11492208238967,
            23.64436974027658
          ],
          [
            90.11545831621616,
            23.64443151308076
          ],
          [
            90.11592752081434,
            23.644863922710005
          ],
          [
            90.11545831621616,
            23.64443151308076
          ]
        ]
      }
    },
    {
      "type": "Feature",
      "properties": {
        "id": 39,
        "conductor": "477 MCM",
        "length_km": 5.4308,
        "n_vertices": 43
      },
      "geometry": {
        "type": "LineString",
        "coordinates": [
          [
            90.11331338091021,
            23.64115755445934
          ],
          [
            90.11291120554036,
            23.639180824725656
          ],
          [
            90.1125760593988,
            23.63856309668388
          ],
          [
            90.111972796344,
            23.638068914250457
          ],
          [
            90.11096735791934,
            23.63664813975437
          ],
          [
            90.11023003640793,
            23.63504204684575
          ],
          [
            90.10942568566819,
            23.63393013637055
          ],
          [
            90.10935865643988,
            23.63337418113295
          ],
          [
            90.10909053952663,
            23.63312708991624
          ],
          [
            90.10848727647185,
            23.6315827698118
          ],
          [
            90.10774995496043,
            23.630532632140778
          ],
          [
            90.1076829257321,
            23.629853131294823
          ],
          [
            90.10748183804718,
            23.62966781288229
          ],
          [
            90.10748183804718,
            23.62911185764469
          ],
          [
            90.10734777959055,
            23.628988312036334
          ],
          [
            90.10741480881887,
            23.628247038386203
          ],
          [
            90.10774995496043,
            23.627999947169492
          ],
          [
            90.10781698418873,
            23.627567537540248
          ],
          [
            90.1082191595586,
            23.627320446323537
          ],
          [
            90.10795104264535,
            23.62676449108594
          ],
          [
            90.10795104264535,
            23.625837899023274
          ],
          [
            90.10781698418873,
            23.625714353414917
          ],
          [
            90.10728075036225,
            23.625837899023274
          ],
          [
            90.10533690274123,
            23.627382219127714
          ],
          [
            90.10486769814307,
            23.627443991931894
          ],
          [
            90.10205247055401,
            23.629173630448868
          ],
          [
            90.10030971061794,
            23.630841496161665
          ],
          [
            90.09970644756314,
            23.631150360182556
          ],
          [
            90.09789665839874,
            23.630965041770022
          ],
          [
            90.09601984000604,
            23.630965041770022
          ],
          [
            90.09494737235306,
            23.63016199531571
          ],
          [
            90.09280243704713,
            23.63016199531571
          ],
          [
            90.09253432013388,
            23.630038449707357
          ],
          [
            90.09159591093753,
            23.630038449707357
          ],
          [
            90.0914618524809,
            23.629914904099
          ],
          [
            90.08931691717497,
            23.629914904099
          ],
          [
            90.08710495264071,
            23.6293589488614
          ],
          [
            90.08449081273659,
            23.629297176057225
          ],
          [
            90.08422269582334,
            23.629544267273936
          ],
          [
            90.08408863736672,
            23.62997667690318
          ],
          [
            90.0802009421247,
            23.629914904099
          ],
          [
            90.0802009421247,
            23.627135127911004
          ],
          [
            90.08080420517949,
            23.627135127911004
          ]
        ]
      }
    },
    {
      "type": "Feature",
      "properties": {
        "id": 40,
        "conductor": "477 MCM",
        "length_km": 3.1457,
        "n_vertices": 31
      },
      "geometry": {
        "type": "LineString",
        "coordinates": [
          [
            90.22330834456818,
            23.636462821341837
          ],
          [
            90.22377754916636,
            23.636709912558548
          ],
          [
            90.22350943225311,
            23.637636504621213
          ],
          [
            90.22203478923028,
            23.63776005022957
          ],
          [
            90.22169964308873,
            23.6379453686421
          ],
          [
            90.2202920292942,
            23.6379453686421
          ],
          [
            90.21955470778278,
            23.637512959012856
          ],
          [
            90.21888441549967,
            23.63745118620868
          ],
          [
            90.21868332781474,
            23.637142322187792
          ],
          [
            90.2177449186184,
            23.637327640600326
          ],
          [
            90.2166054217371,
            23.63776005022957
          ],
          [
            90.21526483717089,
            23.63856309668388
          ],
          [
            90.21338801877819,
            23.640045643984145
          ],
          [
            90.21265069726677,
            23.64010741678832
          ],
          [
            90.21238258035352,
            23.640354508005032
          ],
          [
            90.21191337575534,
            23.64041628080921
          ],
          [
            90.20950032353616,
            23.64171350969694
          ],
          [
            90.2090981481663,
            23.64177528250112
          ],
          [
            90.20795865128501,
            23.64140464567605
          ],
          [
            90.20769053437178,
            23.641898828109476
          ],
          [
            90.20728835900191,
            23.642207692130363
          ],
          [
            90.20715430054528,
            23.642640101759607
          ],
          [
            90.20668509594711,
            23.64307251138885
          ],
          [
            90.20628292057725,
            23.64387555784316
          ],
          [
            90.20561262829413,
            23.644307967472404
          ],
          [
            90.2048082775544,
            23.64523455953507
          ],
          [
            90.20427204372793,
            23.64554342355596
          ],
          [
            90.20313254684665,
            23.646717106835336
          ],
          [
            90.20252928379185,
            23.646902425247866
          ],
          [
            90.20058543617083,
            23.648879154981554
          ],
          [
            90.20011623157265,
            23.649126246198264
          ]
        ]
      }
    },
    {
      "type": "Feature",
      "properties": {
        "id": 41,
        "conductor": "477 MCM",
        "length_km": 0.0892,
        "n_vertices": 2
      },
      "geometry": {
        "type": "LineString",
        "coordinates": [
          [
            90.22451487067778,
            23.636277502929303
          ],
          [
            90.22377754916636,
            23.636709912558548
          ]
        ]
      }
    },
    {
      "type": "Feature",
      "properties": {
        "id": 42,
        "conductor": "477 MCM",
        "length_km": 0.2356,
        "n_vertices": 5
      },
      "geometry": {
        "type": "LineString",
        "coordinates": [
          [
            90.21740977247683,
            23.63559800208335
          ],
          [
            90.217878977075,
            23.63640104853766
          ],
          [
            90.2184822401298,
            23.636709912558548
          ],
          [
            90.21854926935812,
            23.637142322187792
          ],
          [
            90.2184822401298,
            23.637018776579435
          ]
        ]
      }
    },
    {
      "type": "Feature",
      "properties": {
        "id": 43,
        "conductor": "477 MCM",
        "length_km": 5.3687,
        "n_vertices": 29
      },
      "geometry": {
        "type": "LineString",
        "coordinates": [
          [
            90.21694056787865,
            23.635227365258284
          ],
          [
            90.21694056787865,
            23.634918501237394
          ],
          [
            90.21559998331244,
            23.63318886272042
          ],
          [
            90.2153318663992,
            23.632571134678642
          ],
          [
            90.21419236951792,
            23.63294177150371
          ],
          [
            90.21365613569144,
            23.63287999869953
          ],
          [
            90.21131011270056,
            23.63318886272042
          ],
          [
            90.21043873273251,
            23.633868363566375
          ],
          [
            90.20681915440373,
            23.633806590762195
          ],
          [
            90.2047412483261,
            23.634300773195616
          ],
          [
            90.20360175144482,
            23.634424318803973
          ],
          [
            90.20192602073705,
            23.634918501237394
          ],
          [
            90.20132275768225,
            23.634609637216506
          ],
          [
            90.19730100398361,
            23.634918501237394
          ],
          [
            90.1903969934676,
            23.633868363566375
          ],
          [
            90.18999481809773,
            23.63368304515384
          ],
          [
            90.18945858427125,
            23.63368304515384
          ],
          [
            90.18925749658631,
            23.633497726741307
          ],
          [
            90.18818502893335,
            23.633497726741307
          ],
          [
            90.18014152153604,
            23.63207695224522
          ],
          [
            90.17739332317531,
            23.63176808822433
          ],
          [
            90.1724331602803,
            23.630779723357488
          ],
          [
            90.17149475108396,
            23.630779723357488
          ],
          [
            90.17082445880085,
            23.630532632140778
          ],
          [
            90.17008713728943,
            23.630532632140778
          ],
          [
            90.1686795234949,
            23.63127390579091
          ],
          [
            90.16821031889673,
            23.63133567859509
          ],
          [
            90.1679422019835,
            23.6315827698118
          ],
          [
            90.16754002661362,
            23.6315827698118
          ]
        ]
      }
    },
    {
      "type": "Feature",
      "properties": {
        "id": 44,
        "conductor": "477 MCM",
        "length_km": 3.3004,
        "n_vertices": 8
      },
      "geometry": {
        "type": "LineString",
        "coordinates": [
          [
            90.16754002661362,
            23.63287999869953
          ],
          [
            90.1574186131387,
            23.639675007159077
          ],
          [
            90.15694940854053,
            23.6401691895925
          ],
          [
            90.15513961937613,
            23.65301793286146
          ],
          [
            90.1548715024629,
            23.653450342490704
          ],
          [
            90.15232439178708,
            23.655488845028568
          ],
          [
            90.15212330410215,
            23.656044800266166
          ],
          [
            90.1517881579606,
            23.656291891482876
          ]
        ]
      }
    },
    {
      "type": "Feature",
      "properties": {
        "id": 45,
        "conductor": "477 MCM",
        "length_km": 0.9185,
        "n_vertices": 9
      },
      "geometry": {
        "type": "LineString",
        "coordinates": [
          [
            90.16626647127572,
            23.6315827698118
          ],
          [
            90.16599835436247,
            23.63016199531571
          ],
          [
            90.16472479902457,
            23.628432356798736
          ],
          [
            90.16465776979626,
            23.62806171997367
          ],
          [
            90.16398747751316,
            23.627320446323537
          ],
          [
            90.16371936059991,
            23.627320446323537
          ],
          [
            90.16358530214329,
            23.626579172673406
          ],
          [
            90.16284798063187,
            23.62559080780656
          ],
          [
            90.16257986371863,
            23.624417124527184
          ]
        ]
      }
    },
    {
      "type": "Feature",
      "properties": {
        "id": 46,
        "conductor": "477 MCM",
        "length_km": 0.1105,
        "n_vertices": 4
      },
      "geometry": {
        "type": "LineString",
        "coordinates": [
          [
            90.16713785124377,
            23.63127390579091
          ],
          [
            90.16660161741727,
            23.631088587378375
          ],
          [
            90.16626647127572,
            23.631212132986732
          ],
          [
            90.16619944204741,
            23.631088587378375
          ]
        ]
      }
    },
    {
      "type": "Feature",
      "properties": {
        "id": 47,
        "conductor": "477 MCM",
        "length_km": 0.257,
        "n_vertices": 3
      },
      "geometry": {
        "type": "LineString",
        "coordinates": [
          [
            90.08422269582334,
            23.627073355106827
          ],
          [
            90.08422269582334,
            23.6288029936238
          ],
          [
            90.0845578419649,
            23.629297176057225
          ]
        ]
      }
    },
    {
      "type": "Feature",
      "properties": {
        "id": 48,
        "conductor": "477 MCM",
        "length_km": 1.1738,
        "n_vertices": 8
      },
      "geometry": {
        "type": "LineString",
        "coordinates": [
          [
            90.16231174680539,
            23.624231806114654
          ],
          [
            90.16211065912046,
            23.623119895639455
          ],
          [
            90.16184254220721,
            23.622749258814387
          ],
          [
            90.16184254220721,
            23.62219330357679
          ],
          [
            90.16157442529396,
            23.62194621236008
          ],
          [
            90.16063601609761,
            23.619042890563726
          ],
          [
            90.16043492841268,
            23.61675729680915
          ],
          [
            90.15909434384646,
            23.614286384642043
          ]
        ]
      }
    },
    {
      "type": "Feature",
      "properties": {
        "id": 49,
        "conductor": "477 MCM",
        "length_km": 1.4991,
        "n_vertices": 14
      },
      "geometry": {
        "type": "LineString",
        "coordinates": [
          [
            90.15138598259072,
            23.61601602315902
          ],
          [
            90.1511848949058,
            23.61626311437573
          ],
          [
            90.15078271953594,
            23.616386659984084
          ],
          [
            90.14890590114324,
            23.616386659984084
          ],
          [
            90.14850372577337,
            23.616139568767373
          ],
          [
            90.14836966731674,
            23.615583613529775
          ],
          [
            90.14803452117519,
            23.61539829511724
          ],
          [
            90.14749828734871,
            23.61539829511724
          ],
          [
            90.14521929358614,
            23.61595425035484
          ],
          [
            90.14421385516148,
            23.61515120390053
          ],
          [
            90.14072833528932,
            23.61515120390053
          ],
          [
            90.14032615991945,
            23.615274749508885
          ],
          [
            90.13824825384182,
            23.615336522313065
          ],
          [
            90.1381141953852,
            23.615645386333952
          ]
        ]
      }
    },
    {
      "type": "Feature",
      "properties": {
        "id": 50,
        "conductor": "477 MCM",
        "length_km": 0.6795,
        "n_vertices": 6
      },
      "geometry": {
        "type": "LineString",
        "coordinates": [
          [
            90.1548715024629,
            23.61416283903369
          ],
          [
            90.15527367783275,
            23.614718794271287
          ],
          [
            90.15527367783275,
            23.615583613529775
          ],
          [
            90.1550055609195,
            23.616695524004975
          ],
          [
            90.15346388866837,
            23.616633751200794
          ],
          [
            90.15131895336242,
            23.616139568767373
          ]
        ]
      }
    },
    {
      "type": "Feature",
      "properties": {
        "id": 51,
        "conductor": "477 MCM",
        "length_km": 1.8417,
        "n_vertices": 16
      },
      "geometry": {
        "type": "LineString",
        "coordinates": [
          [
            90.11659781309744,
            23.61249497332089
          ],
          [
            90.11646375464082,
            23.612371427712535
          ],
          [
            90.11579346235771,
            23.612433200516712
          ],
          [
            90.11485505316136,
            23.612989155754313
          ],
          [
            90.11358149782346,
            23.61490411268382
          ],
          [
            90.11244200094218,
            23.615892477550663
          ],
          [
            90.11210685480063,
            23.616571978396617
          ],
          [
            90.11183873788738,
            23.61675729680915
          ],
          [
            90.11163765020245,
            23.61731325204675
          ],
          [
            90.11090032869103,
            23.61811629850106
          ],
          [
            90.11036409486454,
            23.61947530019297
          ],
          [
            90.1094927148965,
            23.620710756276523
          ],
          [
            90.10929162721158,
            23.621266711514124
          ],
          [
            90.10815213033028,
            23.622502167597677
          ],
          [
            90.10788401341705,
            23.625529035002383
          ],
          [
            90.10774995496043,
            23.625714353414917
          ]
        ]
      }
    },
    {
      "type": "Feature",
      "properties": {
        "id": 52,
        "conductor": "477 MCM",
        "length_km": 0.4426,
        "n_vertices": 7
      },
      "geometry": {
        "type": "LineString",
        "coordinates": [
          [
            90.15728455468208,
            23.61088888041227
          ],
          [
            90.15701643776883,
            23.610827107608092
          ],
          [
            90.15694940854053,
            23.61033292517467
          ],
          [
            90.1567483208556,
            23.610147606762137
          ],
          [
            90.15627911625742,
            23.610024061153783
          ],
          [
            90.15601099934418,
            23.608541513853517
          ],
          [
            90.1550055609195,
            23.608109104224273
          ]
        ]
      }
    },
    {
      "type": "Feature",
      "properties": {
        "id": 53,
        "conductor": "477 MCM",
        "length_km": 0.8302,
        "n_vertices": 8
      },
      "geometry": {
        "type": "LineString",
        "coordinates": [
          [
            90.15587694088755,
            23.610827107608092
          ],
          [
            90.15587694088755,
            23.610271152370494
          ],
          [
            90.15393309326655,
            23.610271152370494
          ],
          [
            90.15393309326655,
            23.607429603378318
          ],
          [
            90.15507259014782,
            23.60736783057414
          ],
          [
            90.15534070706107,
            23.607553148986675
          ],
          [
            90.15540773628938,
            23.60817087702845
          ],
          [
            90.15507259014782,
            23.608109104224273
          ]
        ]
      }
    },
    {
      "type": "Feature",
      "properties": {
        "id": 54,
        "conductor": "477 MCM",
        "length_km": 1.8022,
        "n_vertices": 14
      },
      "geometry": {
        "type": "LineString",
        "coordinates": [
          [
            90.12745654808379,
            23.600819913331303
          ],
          [
            90.12665219734406,
            23.60143764137308
          ],
          [
            90.12598190506095,
            23.60316727989006
          ],
          [
            90.12557972969108,
            23.603476143910946
          ],
          [
            90.12464132049473,
            23.60495869121121
          ],
          [
            90.12309964824358,
            23.60600882888223
          ],
          [
            90.12175906367737,
            23.60817087702845
          ],
          [
            90.12155797599245,
            23.608850377874404
          ],
          [
            90.1206195667961,
            23.61058001639138
          ],
          [
            90.12028442065454,
            23.61088888041227
          ],
          [
            90.11927898222987,
            23.611259517237336
          ],
          [
            90.11713404692394,
            23.611815472474934
          ],
          [
            90.11666484232576,
            23.612124336495825
          ],
          [
            90.11653078386914,
            23.612433200516712
          ]
        ]
      }
    },
    {
      "type": "Feature",
      "properties": {
        "id": 55,
        "conductor": "477 MCM",
        "length_km": 2.2855,
        "n_vertices": 22
      },
      "geometry": {
        "type": "LineString",
        "coordinates": [
          [
            90.1349638216546,
            23.597669500318244
          ],
          [
            90.13489679242629,
            23.599213820422683
          ],
          [
            90.13509788011122,
            23.599399138835217
          ],
          [
            90.13509788011122,
            23.599893321268638
          ],
          [
            90.13536599702446,
            23.600511049310416
          ],
          [
            90.13536599702446,
            23.602364233435747
          ],
          [
            90.13576817239432,
            23.602858415869168
          ],
          [
            90.13576817239432,
            23.603290825498412
          ],
          [
            90.13543302625277,
            23.60390855354019
          ],
          [
            90.13476273396967,
            23.604032099148544
          ],
          [
            90.13469570474135,
            23.604649827190322
          ],
          [
            90.13449461705642,
            23.604835145602856
          ],
          [
            90.13462867551304,
            23.60502046401539
          ],
          [
            90.13469570474135,
            23.607429603378318
          ],
          [
            90.13429352937149,
            23.61169192686658
          ],
          [
            90.13456164628472,
            23.612000790887468
          ],
          [
            90.1350308508829,
            23.612062563691644
          ],
          [
            90.13670658159067,
            23.61280383734178
          ],
          [
            90.13677361081898,
            23.61305092855849
          ],
          [
            90.1375109323304,
            23.61379220220862
          ],
          [
            90.13771202001533,
            23.614842339879644
          ],
          [
            90.1381141953852,
            23.61546006792142
          ]
        ]
      }
    },
    {
      "type": "Feature",
      "properties": {
        "id": 56,
        "conductor": "477 MCM",
        "length_km": 0.1091,
        "n_vertices": 3
      },
      "geometry": {
        "type": "LineString",
        "coordinates": [
          [
            90.13482976319797,
            23.594333768892646
          ],
          [
            90.13509788011122,
            23.59377781365505
          ],
          [
            90.13550005548107,
            23.593839586459225
          ]
        ]
      }
    },
    {
      "type": "Feature",
      "properties": {
        "id": 57,
        "conductor": "477 MCM",
        "length_km": 2.7692,
        "n_vertices": 17
      },
      "geometry": {
        "type": "LineString",
        "coordinates": [
          [
            90.1363044062208,
            23.59377781365505
          ],
          [
            90.13663955236237,
            23.593592495242515
          ],
          [
            90.13798013692858,
            23.593901359263402
          ],
          [
            90.14079536451763,
            23.59377781365505
          ],
          [
            90.14153268602905,
            23.593839586459225
          ],
          [
            90.14159971525736,
            23.59427199608847
          ],
          [
            90.14200189062723,
            23.594395541696823
          ],
          [
            90.14548741049938,
            23.59451908730518
          ],
          [
            90.14562146895601,
            23.595445679367845
          ],
          [
            90.1518551871889,
            23.60156118698144
          ],
          [
            90.15225736255877,
            23.602487779044104
          ],
          [
            90.15259250870032,
            23.60279664306499
          ],
          [
            90.15272656715695,
            23.603290825498412
          ],
          [
            90.1530617132985,
            23.603537916715123
          ],
          [
            90.15319577175512,
            23.604093871952724
          ],
          [
            90.15406715172315,
            23.605391100840453
          ],
          [
            90.15513961937613,
            23.607429603378318
          ]
        ]
      }
    },
    {
      "type": "Feature",
      "properties": {
        "id": 58,
        "conductor": "477 MCM",
        "length_km": 0.2833,
        "n_vertices": 5
      },
      "geometry": {
        "type": "LineString",
        "coordinates": [
          [
            90.13529896779615,
            23.59180108392136
          ],
          [
            90.13583520162263,
            23.59204817513807
          ],
          [
            90.13576817239432,
            23.59291299439656
          ],
          [
            90.13536599702446,
            23.593283631221627
          ],
          [
            90.13509788011122,
            23.593839586459225
          ]
        ]
      }
    },
    {
      "type": "Feature",
      "properties": {
        "id": 59,
        "conductor": "477 MCM",
        "length_km": 0.0999,
        "n_vertices": 3
      },
      "geometry": {
        "type": "LineString",
        "coordinates": [
          [
            90.13670658159067,
            23.591739311117184
          ],
          [
            90.13590223085095,
            23.591924629529718
          ],
          [
            90.13583520162263,
            23.59204817513807
          ]
        ]
      }
    },
    {
      "type": "Feature",
      "properties": {
        "id": 60,
        "conductor": "477 MCM",
        "length_km": 0.0441,
        "n_vertices": 3
      },
      "geometry": {
        "type": "LineString",
        "coordinates": [
          [
            90.18624118131233,
            23.70991068550912
          ],
          [
            90.1861071228557,
            23.709725367096585
          ],
          [
            90.18624118131233,
            23.709848912704942
          ]
        ]
      }
    },
    {
      "type": "Feature",
      "properties": {
        "id": 61,
        "conductor": "477 MCM",
        "length_km": 0.0206,
        "n_vertices": 2
      },
      "geometry": {
        "type": "LineString",
        "coordinates": [
          [
            90.184230304463,
            23.709787139900765
          ],
          [
            90.184230304463,
            23.70960182148823
          ]
        ]
      }
    },
    {
      "type": "Feature",
      "properties": {
        "id": 62,
        "conductor": "477 MCM",
        "length_km": 0.0387,
        "n_vertices": 2
      },
      "geometry": {
        "type": "LineString",
        "coordinates": [
          [
            90.17866687851321,
            23.698173852715357
          ],
          [
            90.17839876159996,
            23.697926761498646
          ]
        ]
      }
    },
    {
      "type": "Feature",
      "properties": {
        "id": 63,
        "conductor": "477 MCM",
        "length_km": 0.0632,
        "n_vertices": 2
      },
      "geometry": {
        "type": "LineString",
        "coordinates": [
          [
            90.17719223549038,
            23.69588825896078
          ],
          [
            90.17679006012051,
            23.695455849331537
          ]
        ]
      }
    },
    {
      "type": "Feature",
      "properties": {
        "id": 64,
        "conductor": "477 MCM",
        "length_km": 0.0484,
        "n_vertices": 2
      },
      "geometry": {
        "type": "LineString",
        "coordinates": [
          [
            90.17712520626206,
            23.695826486156605
          ],
          [
            90.17679006012051,
            23.695517622135714
          ]
        ]
      }
    },
    {
      "type": "Feature",
      "properties": {
        "id": 65,
        "conductor": "477 MCM",
        "length_km": 0.0535,
        "n_vertices": 2
      },
      "geometry": {
        "type": "LineString",
        "coordinates": [
          [
            90.17565056323923,
            23.694467484464695
          ],
          [
            90.17531541709768,
            23.694096847639628
          ]
        ]
      }
    },
    {
      "type": "Feature",
      "properties": {
        "id": 66,
        "conductor": "477 MCM",
        "length_km": 0.0728,
        "n_vertices": 2
      },
      "geometry": {
        "type": "LineString",
        "coordinates": [
          [
            90.17209801413875,
            23.691317071451632
          ],
          [
            90.17162880954058,
            23.69082288901821
          ]
        ]
      }
    },
    {
      "type": "Feature",
      "properties": {
        "id": 67,
        "conductor": "477 MCM",
        "length_km": 0.0632,
        "n_vertices": 2
      },
      "geometry": {
        "type": "LineString",
        "coordinates": [
          [
            90.394098818304,
            23.671117364485525
          ],
          [
            90.39369664293415,
            23.67068495485628
          ]
        ]
      }
    },
    {
      "type": "Feature",
      "properties": {
        "id": 68,
        "conductor": "477 MCM",
        "length_km": 0.0781,
        "n_vertices": 2
      },
      "geometry": {
        "type": "LineString",
        "coordinates": [
          [
            90.28779046220313,
            23.67068495485628
          ],
          [
            90.28732125760496,
            23.670128999618683
          ]
        ]
      }
    },
    {
      "type": "Feature",
      "properties": {
        "id": 69,
        "conductor": "477 MCM",
        "length_km": 0.0493,
        "n_vertices": 2
      },
      "geometry": {
        "type": "LineString",
        "coordinates": [
          [
            90.14649284892404,
            23.662530944704827
          ],
          [
            90.14609067355418,
            23.662283853488116
          ]
        ]
      }
    },
    {
      "type": "Feature",
      "properties": {
        "id": 70,
        "conductor": "477 MCM",
        "length_km": 0.0484,
        "n_vertices": 2
      },
      "geometry": {
        "type": "LineString",
        "coordinates": [
          [
            90.35120011218513,
            23.661480807033804
          ],
          [
            90.35086496604356,
            23.661171943012917
          ]
        ]
      }
    },
    {
      "type": "Feature",
      "properties": {
        "id": 71,
        "conductor": "477 MCM",
        "length_km": 0.0438,
        "n_vertices": 2
      },
      "geometry": {
        "type": "LineString",
        "coordinates": [
          [
            90.3504627906737,
            23.660863078992026
          ],
          [
            90.35012764453215,
            23.660615987775316
          ]
        ]
      }
    },
    {
      "type": "Feature",
      "properties": {
        "id": 72,
        "conductor": "477 MCM",
        "length_km": 0.3437,
        "n_vertices": 3
      },
      "geometry": {
        "type": "LineString",
        "coordinates": [
          [
            90.1530617132985,
            23.65833039402074
          ],
          [
            90.15312874252682,
            23.6562301186787
          ],
          [
            90.15205627487384,
            23.656106573070346
          ]
        ]
      }
    },
    {
      "type": "Feature",
      "properties": {
        "id": 73,
        "conductor": "477 MCM",
        "length_km": 0.1431,
        "n_vertices": 4
      },
      "geometry": {
        "type": "LineString",
        "coordinates": [
          [
            90.15051460262269,
            23.65697139232883
          ],
          [
            90.15125192413412,
            23.6567860739163
          ],
          [
            90.15165409950397,
            23.65697139232883
          ],
          [
            90.15152004104735,
            23.656847846720478
          ]
        ]
      }
    },
    {
      "type": "Feature",
      "properties": {
        "id": 74,
        "conductor": "477 MCM",
        "length_km": 0.1321,
        "n_vertices": 4
      },
      "geometry": {
        "type": "LineString",
        "coordinates": [
          [
            90.14180080294229,
            23.655674163441102
          ],
          [
            90.14180080294229,
            23.655550617832745
          ],
          [
            90.14227000754046,
            23.655674163441102
          ],
          [
            90.14294029982358,
            23.65561239063692
          ]
        ]
      }
    },
    {
      "type": "Feature",
      "properties": {
        "id": 75,
        "conductor": "477 MCM",
        "length_km": 0.0439,
        "n_vertices": 2
      },
      "geometry": {
        "type": "LineString",
        "coordinates": [
          [
            90.13637143544912,
            23.653697433707414
          ],
          [
            90.13610331853587,
            23.653388569686527
          ]
        ]
      }
    },
    {
      "type": "Feature",
      "properties": {
        "id": 76,
        "conductor": "477 MCM",
        "length_km": 0.0632,
        "n_vertices": 2
      },
      "geometry": {
        "type": "LineString",
        "coordinates": [
          [
            90.13603628930757,
            23.65326502407817
          ],
          [
            90.1356341139377,
            23.652832614448926
          ]
        ]
      }
    },
    {
      "type": "Feature",
      "properties": {
        "id": 77,
        "conductor": "477 MCM",
        "length_km": 0.073,
        "n_vertices": 3
      },
      "geometry": {
        "type": "LineString",
        "coordinates": [
          [
            90.1213568883075,
            23.65215311360297
          ],
          [
            90.12115580062257,
            23.65190602238626
          ],
          [
            90.12142391753582,
            23.65215311360297
          ]
        ]
      }
    },
    {
      "type": "Feature",
      "properties": {
        "id": 78,
        "conductor": "477 MCM",
        "length_km": 1.0735,
        "n_vertices": 8
      },
      "geometry": {
        "type": "LineString",
        "coordinates": [
          [
            90.12765763576871,
            23.648817382177377
          ],
          [
            90.12725546039886,
            23.648508518156486
          ],
          [
            90.12658516811575,
            23.648508518156486
          ],
          [
            90.12591487583263,
            23.648137881331422
          ],
          [
            90.12296558978697,
            23.6470877436604
          ],
          [
            90.1212898590792,
            23.646902425247866
          ],
          [
            90.11961412837142,
            23.64714951646458
          ],
          [
            90.11760325152211,
            23.6470877436604
          ]
        ]
      }
    },
    {
      "type": "Feature",
      "properties": {
        "id": 79,
        "conductor": "477 MCM",
        "length_km": 0.0342,
        "n_vertices": 2
      },
      "geometry": {
        "type": "LineString",
        "coordinates": [
          [
            90.20206007919367,
            23.64733483487711
          ],
          [
            90.2023281961069,
            23.64714951646458
          ]
        ]
      }
    },
    {
      "type": "Feature",
      "properties": {
        "id": 80,
        "conductor": "477 MCM",
        "length_km": 5.9725,
        "n_vertices": 40
      },
      "geometry": {
        "type": "LineString",
        "coordinates": [
          [
            90.26419617383775,
            23.64714951646458
          ],
          [
            90.26419617383775,
            23.64659356122698
          ],
          [
            90.26339182309802,
            23.645419877947603
          ],
          [
            90.26111282933545,
            23.64276364736796
          ],
          [
            90.2607776831939,
            23.642640101759607
          ],
          [
            90.26044253705234,
            23.64226946493454
          ],
          [
            90.25983927399754,
            23.642145919326186
          ],
          [
            90.25930304017106,
            23.64171350969694
          ],
          [
            90.25541534492903,
            23.640230962396675
          ],
          [
            90.2532704096231,
            23.639736779963254
          ],
          [
            90.2532704096231,
            23.63881018790059
          ],
          [
            90.25280120502492,
            23.636709912558548
          ],
          [
            90.25246605888336,
            23.636277502929303
          ],
          [
            90.25239902965505,
            23.635721547691706
          ],
          [
            90.2520638835135,
            23.635350910866638
          ],
          [
            90.25192982505688,
            23.63473318282486
          ],
          [
            90.25159467891532,
            23.634424318803973
          ],
          [
            90.25032112357742,
            23.63399190917473
          ],
          [
            90.24851133441302,
            23.633621272349664
          ],
          [
            90.24757292521667,
            23.633621272349664
          ],
          [
            90.24254573309337,
            23.633003544307886
          ],
          [
            90.24100406084223,
            23.632200497853574
          ],
          [
            90.24046782701573,
            23.632200497853574
          ],
          [
            90.23993159318925,
            23.63176808822433
          ],
          [
            90.2395964470477,
            23.63176808822433
          ],
          [
            90.23926130090614,
            23.63152099700762
          ],
          [
            90.23785368711161,
            23.6310268145742
          ],
          [
            90.2339659918696,
            23.630965041770022
          ],
          [
            90.23376490418465,
            23.630841496161665
          ],
          [
            90.22686089366866,
            23.63040908653242
          ],
          [
            90.22598951370061,
            23.6304708593366
          ],
          [
            90.22478298759101,
            23.630285540924067
          ],
          [
            90.22230290614353,
            23.630285540924067
          ],
          [
            90.21982282469602,
            23.630841496161665
          ],
          [
            90.21942064932615,
            23.631150360182556
          ],
          [
            90.21895144472798,
            23.631150360182556
          ],
          [
            90.21854926935812,
            23.631459224203443
          ],
          [
            90.21546592485582,
            23.63238581626611
          ],
          [
            90.2153318663992,
            23.632571134678642
          ],
          [
            90.21546592485582,
            23.632756453091176
          ]
        ]
      }
    },
    {
      "type": "Feature",
      "properties": {
        "id": 81,
        "conductor": "477 MCM",
        "length_km": 0.4025,
        "n_vertices": 5
      },
      "geometry": {
        "type": "LineString",
        "coordinates": [
          [
            90.12075362525272,
            23.646964198052046
          ],
          [
            90.12075362525272,
            23.644802149905825
          ],
          [
            90.12021739142622,
            23.64443151308076
          ],
          [
            90.11974818682805,
            23.64443151308076
          ],
          [
            90.11934601145819,
            23.64461683149329
          ]
        ]
      }
    },
    {
      "type": "Feature",
      "properties": {
        "id": 82,
        "conductor": "477 MCM",
        "length_km": 0.1033,
        "n_vertices": 2
      },
      "geometry": {
        "type": "LineString",
        "coordinates": [
          [
            90.11532425775954,
            23.64622292440191
          ],
          [
            90.11539128698784,
            23.645296332339246
          ]
        ]
      }
    },
    {
      "type": "Feature",
      "properties": {
        "id": 83,
        "conductor": "477 MCM",
        "length_km": 0.1813,
        "n_vertices": 5
      },
      "geometry": {
        "type": "LineString",
        "coordinates": [
          [
            90.11458693624812,
            23.645111013926716
          ],
          [
            90.11418476087826,
            23.644740377101648
          ],
          [
            90.11418476087826,
            23.644493285884938
          ],
          [
            90.11492208238967,
            23.644493285884938
          ],
          [
            90.11492208238967,
            23.644307967472404
          ]
        ]
      }
    },
    {
      "type": "Feature",
      "properties": {
        "id": 84,
        "conductor": "477 MCM",
        "length_km": 0.0535,
        "n_vertices": 2
      },
      "geometry": {
        "type": "LineString",
        "coordinates": [
          [
            90.11451990701981,
            23.645049241122535
          ],
          [
            90.11418476087826,
            23.64467860429747
          ]
        ]
      }
    },
    {
      "type": "Feature",
      "properties": {
        "id": 85,
        "conductor": "477 MCM",
        "length_km": 0.0678,
        "n_vertices": 2
      },
      "geometry": {
        "type": "LineString",
        "coordinates": [
          [
            90.11599455004264,
            23.644863922710005
          ],
          [
            90.11552534544447,
            23.64443151308076
          ]
        ]
      }
    },
    {
      "type": "Feature",
      "properties": {
        "id": 86,
        "conductor": "477 MCM",
        "length_km": 0.0484,
        "n_vertices": 2
      },
      "geometry": {
        "type": "LineString",
        "coordinates": [
          [
            90.25990630322586,
            23.642145919326186
          ],
          [
            90.25957115708431,
            23.641837055305295
          ]
        ]
      }
    },
    {
      "type": "Feature",
      "properties": {
        "id": 87,
        "conductor": "477 MCM",
        "length_km": 0.0494,
        "n_vertices": 2
      },
      "geometry": {
        "type": "LineString",
        "coordinates": [
          [
            90.17330454024835,
            23.641589964088585
          ],
          [
            90.1730364233351,
            23.64121932726352
          ]
        ]
      }
    },
    {
      "type": "Feature",
      "properties": {
        "id": 88,
        "conductor": "477 MCM",
        "length_km": 0.0589,
        "n_vertices": 2
      },
      "geometry": {
        "type": "LineString",
        "coordinates": [
          [
            90.1580218761935,
            23.63930437033401
          ],
          [
            90.15849108079168,
            23.638995506313123
          ]
        ]
      }
    },
    {
      "type": "Feature",
      "properties": {
        "id": 89,
        "conductor": "477 MCM",
        "length_km": 0.4392,
        "n_vertices": 3
      },
      "geometry": {
        "type": "LineString",
        "coordinates": [
          [
            90.22572139678736,
            23.638377778271344
          ],
          [
            90.22190073077365,
            23.638439551075525
          ],
          [
            90.22176667231703,
            23.63800714144628
          ]
        ]
      }
    },
    {
      "type": "Feature",
      "properties": {
        "id": 90,
        "conductor": "477 MCM",
        "length_km": 0.9788,
        "n_vertices": 5
      },
      "geometry": {
        "type": "LineString",
        "coordinates": [
          [
            90.22572139678736,
            23.638377778271344
          ],
          [
            90.22578842601568,
            23.635659774887525
          ],
          [
            90.22565436755906,
            23.63553622927917
          ],
          [
            90.22183370154535,
            23.63553622927917
          ],
          [
            90.22176667231703,
            23.6379453686421
          ]
        ]
      }
    },
    {
      "type": "Feature",
      "properties": {
        "id": 91,
        "conductor": "477 MCM",
        "length_km": 0.0589,
        "n_vertices": 2
      },
      "geometry": {
        "type": "LineString",
        "coordinates": [
          [
            90.22009094160926,
            23.637883595837923
          ],
          [
            90.21962173701108,
            23.637574731817036
          ]
        ]
      }
    },
    {
      "type": "Feature",
      "properties": {
        "id": 92,
        "conductor": "477 MCM",
        "length_km": 0.0399,
        "n_vertices": 2
      },
      "geometry": {
        "type": "LineString",
        "coordinates": [
          [
            90.22371051993805,
            23.63664813975437
          ],
          [
            90.22337537379649,
            23.636462821341837
          ]
        ]
      }
    },
    {
      "type": "Feature",
      "properties": {
        "id": 93,
        "conductor": "477 MCM",
        "length_km": 0.0614,
        "n_vertices": 2
      },
      "geometry": {
        "type": "LineString",
        "coordinates": [
          [
            90.10909053952663,
            23.63294177150371
          ],
          [
            90.1088224226134,
            23.632447589070285
          ]
        ]
      }
    },
    {
      "type": "Feature",
      "properties": {
        "id": 94,
        "conductor": "477 MCM",
        "length_km": 0.0484,
        "n_vertices": 2
      },
      "geometry": {
        "type": "LineString",
        "coordinates": [
          [
            90.24040079778743,
            23.632138725049398
          ],
          [
            90.24006565164588,
            23.63182986102851
          ]
        ]
      }
    },
    {
      "type": "Feature",
      "properties": {
        "id": 95,
        "conductor": "477 MCM",
        "length_km": 0.0484,
        "n_vertices": 2
      },
      "geometry": {
        "type": "LineString",
        "coordinates": [
          [
            90.1082191595586,
            23.62237862198932
          ],
          [
            90.10855430570015,
            23.622069757968433
          ]
        ]
      }
    },
    {
      "type": "Feature",
      "properties": {
        "id": 96,
        "conductor": "477 MCM",
        "length_km": 0.6855,
        "n_vertices": 6
      },
      "geometry": {
        "type": "LineString",
        "coordinates": [
          [
            90.15694940854053,
            23.61033292517467
          ],
          [
            90.15795484696518,
            23.610271152370494
          ],
          [
            90.15795484696518,
            23.607553148986675
          ],
          [
            90.15782078850856,
            23.607429603378318
          ],
          [
            90.15540773628938,
            23.607429603378318
          ],
          [
            90.15534070706107,
            23.607553148986675
          ]
        ]
      }
    },
    {
      "type": "Feature",
      "properties": {
        "id": 97,
        "conductor": "477 MCM",
        "length_km": 0.0632,
        "n_vertices": 2
      },
      "geometry": {
        "type": "LineString",
        "coordinates": [
          [
            90.14709611197884,
            23.59686645386393
          ],
          [
            90.14669393660898,
            23.596434044234687
          ]
        ]
      }
    },
    {
      "type": "Feature",
      "properties": {
        "id": 98,
        "conductor": "477 MCM",
        "length_km": 0.0484,
        "n_vertices": 2
      },
      "geometry": {
        "type": "LineString",
        "coordinates": [
          [
            90.14702908275054,
            23.596804681059755
          ],
          [
            90.14669393660898,
            23.596495817038868
          ]
        ]
      }
    },
    {
      "type": "Feature",
      "properties": {
        "id": 99,
        "conductor": "477 MCM",
        "length_km": 1.163,
        "n_vertices": 10
      },
      "geometry": {
        "type": "LineString",
        "coordinates": [
          [
            90.13489679242629,
            23.594086677675936
          ],
          [
            90.13469570474135,
            23.593839586459225
          ],
          [
            90.13402541245824,
            23.593839586459225
          ],
          [
            90.13389135400162,
            23.593716040850868
          ],
          [
            90.13389135400162,
            23.59105981027123
          ],
          [
            90.13402541245824,
            23.590936264662872
          ],
          [
            90.13784607847195,
            23.590936264662872
          ],
          [
            90.13791310770027,
            23.59365426804669
          ],
          [
            90.13777904924365,
            23.59377781365505
          ],
          [
            90.13791310770027,
            23.593839586459225
          ]
        ]
      }
    },
    {
      "type": "Feature",
      "properties": {
        "id": 100,
        "conductor": "477 MCM",
        "length_km": 0.1408,
        "n_vertices": 5
      },
      "geometry": {
        "type": "LineString",
        "coordinates": [
          [
            90.13663955236237,
            23.593592495242515
          ],
          [
            90.13663955236237,
            23.593283631221627
          ],
          [
            90.13643846467743,
            23.593098312809094
          ],
          [
            90.13596926007925,
            23.593036540004913
          ],
          [
            90.13576817239432,
            23.592851221592383
          ]
        ]
      }
    }
  ]
}